id,title,freq
1,ser,NULL
2,ter,NULL
3,estar,NULL
4,poder,NULL
5,fazer,NULL
6,ir,NULL
7,haver,NULL
8,dizer,NULL
9,dar,NULL
10,ver,NULL
11,saber,NULL
12,querer,NULL
13,ficar,NULL
14,dever,NULL
15,passar,NULL
16,vir,NULL
17,chegar,NULL
18,falar,NULL
19,deixar,NULL
20,encontrar,NULL
21,levar,NULL
22,começar,NULL
23,partir,NULL
24,pensar,NULL
25,parecer,NULL
26,apresentar,NULL
27,olhar,NULL
28,tornar,NULL
29,sair,NULL
30,voltar,NULL
31,conseguir,NULL
32,achar,NULL
33,existir,NULL
34,sentir,NULL
35,entrar,NULL
36,chamar,NULL
37,conhecer,NULL
38,considerar,NULL
39,pôr,NULL
40,continuar,NULL
41,viver,NULL
42,ouvir,NULL
43,tomar,NULL
44,acabar,NULL
45,receber,NULL
46,perder,NULL
47,andar,NULL
48,trabalhar,NULL
49,criar,NULL
50,pedir,NULL
51,seguir,NULL
52,contar,NULL
53,acontecer,NULL
54,afirmar,NULL
55,tratar,NULL
56,esperar,NULL
57,gostar,NULL
58,usar,NULL
59,manter,NULL
60,realizar,NULL
61,abrir,NULL
62,escrever,NULL
63,permitir,NULL
64,ocorrer,NULL
65,mostrar,NULL
66,lembrar,NULL
67,trazer,NULL
68,procurar,NULL
69,morrer,NULL
70,tentar,NULL
71,formar,NULL
72,aparecer,NULL
73,incluir,NULL
74,cair,NULL
75,correr,NULL
76,ganhar,NULL
77,surgir,NULL
78,nascer,NULL
79,pagar,NULL
80,representar,NULL
81,entender,NULL
82,produzir,NULL
83,ler,NULL
84,precisar,NULL
85,perguntar,NULL
86,constituir,NULL
87,colocar,NULL
88,possuir,NULL
89,servir,NULL
90,tirar,NULL
91,responder,NULL
92,obter,NULL
93,desenvolver,NULL
94,explicar,NULL
95,descobrir,NULL
96,acreditar,NULL
97,levantar,NULL
98,mandar,NULL
99,estudar,NULL
100,atingir,NULL
101,sofrer,NULL
102,parar,NULL
103,bater,NULL
104,decidir,NULL
105,referir,NULL
106,fechar,NULL
107,aumentar,NULL
108,acompanhar,NULL
109,defender,NULL
110,lançar,NULL
111,mudar,NULL
112,resolver,NULL
113,participar,NULL
114,subir,NULL
115,utilizar,NULL
116,provocar,NULL
117,compreender,NULL
118,estabelecer,NULL
119,pretender,NULL
120,iniciar,NULL
121,perceber,NULL
122,garantir,NULL
123,comer,NULL
124,vender,NULL
125,observar,NULL
126,comprar,NULL
127,aceitar,NULL
128,resultar,NULL
129,reconhecer,NULL
130,sentar,NULL
131,marcar,NULL
132,construir,NULL
133,crescer,NULL
134,publicar,NULL
135,ajudar,NULL
136,assumir,NULL
137,revelar,NULL
138,prever,NULL
139,ocupar,NULL
140,oferecer,NULL
141,dirigir,NULL
142,esquecer,NULL
143,tocar,NULL
144,envolver,NULL
145,matar,NULL
146,fugir,NULL
147,indicar,NULL
148,valer,NULL
149,terminar,NULL
150,jogar,NULL
151,conter,NULL
152,definir,NULL
153,rir,NULL
154,escolher,NULL
155,destacar,NULL
156,reunir,NULL
157,descer,NULL
158,dormir,NULL
159,causar,NULL
160,evitar,NULL
161,determinar,NULL
162,anunciar,NULL
163,exigir,NULL
164,transformar,NULL
165,vencer,NULL
166,faltar,NULL
167,entregar,NULL
168,casar,NULL
169,pegar,NULL
170,eleger,NULL
171,julgar,NULL
172,permanecer,NULL
173,apontar,NULL
174,virar,NULL
175,concluir,NULL
176,significar,NULL
177,depender,NULL
178,repetir,NULL
179,abandonar,NULL
180,obrigar,NULL
181,preparar,NULL
182,aplicar,NULL
183,reduzir,NULL
184,pertencer,NULL
185,funcionar,NULL
186,retirar,NULL
187,meter,NULL
188,verificar,NULL
189,estender,NULL
190,acrescentar,NULL
191,desejar,NULL
192,dividir,NULL
193,buscar,NULL
194,cumprir,NULL
195,aproximar,NULL
196,sorrir,NULL
197,imaginar,NULL
198,discutir,NULL
199,apoiar,NULL
200,gerar,NULL
201,cantar,NULL
202,afastar,NULL
203,admitir,NULL
204,fixar,NULL
205,dispor,NULL
206,chorar,NULL
207,erguer,NULL
208,preferir,NULL
209,aproveitar,NULL
210,gritar,NULL
211,promover,NULL
212,integrar,NULL
213,atravessar,NULL
214,alcançar,NULL
215,propor,NULL
216,informar,NULL
217,atribuir,NULL
218,,NULL
219,aprender,NULL
220,deitar,NULL
221,cortar,NULL
222,enviar,NULL
223,morar,NULL
224,acusar,NULL
225,impedir,NULL
226,desaparecer,NULL
227,avançar,NULL
228,custar,NULL
229,amar,NULL
230,interessar,NULL
231,exercer,NULL
232,dedicar,NULL
233,assistir,NULL
234,cobrir,NULL
235,compor,NULL
236,conduzir,NULL
237,consistir,NULL
238,substituir,NULL
239,descrever,NULL
240,analisar,NULL
241,confirmar,NULL
242,completar,NULL
243,regressar,NULL
244,bastar,NULL
245,prometer,NULL
246,adquirir,NULL
247,baixar,NULL
248,conversar,NULL
249,demonstrar,NULL
250,contribuir,NULL
251,corresponder,NULL
252,importar,NULL
253,identificar,NULL
254,jantar,NULL
255,pesar,NULL
256,prestar,NULL
257,apanhar,NULL
258,ligar,NULL
259,atirar,NULL
260,caracterizar,NULL
261,enfrentar,NULL
262,declarar,NULL
263,notar,NULL
264,citar,NULL
265,alimentar,NULL
266,fornecer,NULL
267,guardar,NULL
268,conquistar,NULL
269,caber,NULL
270,beber,NULL
271,designar,NULL
272,juntar,NULL
273,esconder,NULL
274,variar,NULL
275,decorrer,NULL
276,salvar,NULL
277,adoptar,NULL
278,controlar,NULL
279,actuar,NULL
280,atender,NULL
281,introduzir,NULL
282,cuidar,NULL
283,durar,NULL
284,dominar,NULL
285,adiantar,NULL
286,recordar,NULL
287,visitar,NULL
288,calar,NULL
289,comentar,NULL
290,melhorar,NULL
291,fundar,NULL
292,convidar,NULL
293,proteger,NULL
294,acordar,NULL
295,puxar,NULL
296,instalar,NULL
297,viajar,NULL
298,limitar,NULL
299,encher,NULL
300,merecer,NULL
301,assegurar,NULL
302,crer,NULL
303,caminhar,NULL
304,conceder,NULL
305,suceder,NULL
306,separar,NULL
307,votar,NULL
308,unir,NULL
309,negar,NULL
310,avaliar,NULL
311,recusar,NULL
312,sugerir,NULL
313,costumar,NULL
314,alterar,NULL
315,preocupar,NULL
316,mover,NULL
317,justificar,NULL
318,impor,NULL
319,diminuir,NULL
320,atacar,NULL
321,lutar,NULL
322,insistir,NULL
323,divulgar,NULL
324,concordar,NULL
325,recolher,NULL
326,respeitar,NULL
327,praticar,NULL
328,reflectir,NULL
329,disputar,NULL
330,deter,NULL
331,transmitir,NULL
332,carregar,NULL
333,arrastar,NULL
334,arranjar,NULL
335,temer,NULL
336,trocar,NULL
337,destruir,NULL
338,recuperar,NULL
339,restar,NULL
340,ensinar,NULL
341,comparar,NULL
342,quebrar,NULL
343,calcular,NULL
344,ameaçar,NULL
345,afectar,NULL
346,libertar,NULL
347,visar,NULL
348,manifestar,NULL
349,amanhecer,NULL
350,atrair,NULL
351,registar,NULL
352,voar,NULL
353,prosseguir,NULL
354,demorar,NULL
355,ultrapassar,NULL
356,criticar,NULL
357,saltar,NULL
358,gastar,NULL
359,reparar,NULL
360,soltar,NULL
361,executar,NULL
362,limpar,NULL
363,invadir,NULL
364,montar,NULL
365,assinar,NULL
366,aprovar,NULL
367,investir,NULL
368,influenciar,NULL
369,apertar,NULL
370,sustentar,NULL
371,inventar,NULL
372,distinguir,NULL
373,opor,NULL
374,escapar,NULL
375,resistir,NULL
376,cometer,NULL
377,agir,NULL
378,registrar,NULL
379,pintar,NULL
380,medir,NULL
381,interromper,NULL
382,organizar,NULL
383,escutar,NULL
384,empregar,NULL
385,distribuir,NULL
386,espalhar,NULL
387,emitir,NULL
388,basear,NULL
389,operar,NULL
390,supor,NULL
391,arrancar,NULL
392,provar,NULL
393,ferir,NULL
394,estimar,NULL
395,romper,NULL
396,derivar,NULL
397,ceder,NULL
398,percorrer,NULL
399,roubar,NULL
400,comandar,NULL
401,reclamar,NULL
402,cobrar,NULL
403,deslocar,NULL
404,negociar,NULL
405,transportar,NULL
406,explorar,NULL
407,brincar,NULL
408,convencer,NULL
409,concentrar,NULL
410,botar,NULL
411,reagir,NULL
412,salientar,NULL
413,facilitar,NULL
414,interpretar,NULL
415,reforçar,NULL
416,desempenhar,NULL
417,implicar,NULL
418,recorrer,NULL
419,expor,NULL
420,esclarecer,NULL
421,prender,NULL
422,vestir,NULL
423,mexer,NULL
424,gravar,NULL
425,denunciar,NULL
426,aguardar,NULL
427,retomar,NULL
428,efectuar,NULL
429,encarar,NULL
430,sonhar,NULL
431,avisar,NULL
432,dançar,NULL
433,apurar,NULL
434,encerrar,NULL
435,originar,NULL
436,surpreender,NULL
437,errar,NULL
438,acumular,NULL
439,satisfazer,NULL
440,tender,NULL
441,necessitar,NULL
442,despertar,NULL
443,traduzir,NULL
444,largar,NULL
445,comunicar,NULL
446,exclamar,NULL
447,investigar,NULL
448,segurar,NULL
449,agarrar,NULL
450,ordenar,NULL
451,ignorar,NULL
452,governar,NULL
453,experimentar,NULL
454,suportar,NULL
455,desenhar,NULL
456,condenar,NULL
457,inspirar,NULL
458,optar,NULL
459,confessar,NULL
460,colher,NULL
461,constar,NULL
462,admirar,NULL
463,prejudicar,NULL
464,sacudir,NULL
465,murmurar,NULL
466,armar,NULL
467,dobrar,NULL
468,derrubar,NULL
469,acender,NULL
470,circular,NULL
471,apagar,NULL
472,proceder,NULL
473,requerer,NULL
474,combater,NULL
475,eliminar,NULL
476,colaborar,NULL
477,residir,NULL
478,solicitar,NULL
479,conservar,NULL
480,alegar,NULL
481,proibir,NULL
482,encaminhar,NULL
483,elevar,NULL
484,modificar,NULL
485,combinar,NULL
486,classificar,NULL
487,exibir,NULL
488,conferir,NULL
489,contemplar,NULL
490,beneficiar,NULL
491,queimar,NULL
492,sobreviver,NULL
493,adaptar,NULL
494,situar,NULL
495,projectar,NULL
496,rejeitar,NULL
497,tremer,NULL
498,lavar,NULL
499,frequentar,NULL
500,convocar,NULL
501,acertar,NULL
502,misturar,NULL
503,despedir,NULL
504,superar,NULL
505,cultivar,NULL
506,agitar,NULL
507,rever,NULL
508,orientar,NULL
509,animar,NULL
510,demitir,NULL
511,assentar,NULL
512,possibilitar,NULL
513,proporcionar,NULL
514,inaugurar,NULL
515,beijar,NULL
516,autorizar,NULL
517,desfazer,NULL
518,converter,NULL
519,consumir,NULL
520,estimular,NULL
521,desistir,NULL
522,descansar,NULL
523,passear,NULL
524,confiar,NULL
525,adormecer,NULL
526,ressaltar,NULL
527,destinar,NULL
528,retornar,NULL
529,conceber,NULL
530,apreciar,NULL
531,argumentar,NULL
532,recuar,NULL
533,confundir,NULL
534,forçar,NULL
535,respirar,NULL
536,submeter,NULL
537,localizar,NULL
538,absorver,NULL
539,presidir,NULL
540,abranger,NULL
541,abordar,NULL
542,habitar,NULL
543,obedecer,NULL
544,adorar,NULL
545,enganar,NULL
546,desviar,NULL
547,competir,NULL
548,rodear,NULL
549,regular,NULL
550,iluminar,NULL
551,brilhar,NULL
552,comprometer,NULL
553,relatar,NULL
554,fabricar,NULL
555,abalar,NULL
556,pregar,NULL
557,empurrar,NULL
558,ampliar,NULL
559,recomendar,NULL
560,antecipar,NULL
561,cruzar,NULL
562,perseguir,NULL
563,lamentar,NULL
564,falecer,NULL
565,assustar,NULL
566,estrear,NULL
567,intervir,NULL
568,apostar,NULL
569,financiar,NULL
570,disparar,NULL
571,mergulhar,NULL
572,incorporar,NULL
573,concorrer,NULL
574,desconfiar,NULL
575,corrigir,NULL
576,prolongar,NULL
577,render,NULL
578,protestar,NULL
579,sumir,NULL
580,indagar,NULL
581,travar,NULL
582,cheirar,NULL
583,gozar,NULL
584,fumar,NULL
585,sobrar,NULL
586,rolar,NULL
587,queixar,NULL
588,excluir,NULL
589,expulsar,NULL
590,enterrar,NULL
591,comemorar,NULL
592,liderar,NULL
593,agradar,NULL
594,girar,NULL
595,aderir,NULL
596,treinar,NULL
597,desculpar,NULL
598,rezar,NULL
599,sujeitar,NULL
600,reservar,NULL
601,examinar,NULL
602,rodar,NULL
603,chover,NULL
604,celebrar,NULL
605,perdoar,NULL
606,preencher,NULL
607,evoluir,NULL
608,arriscar,NULL
609,desconhecer,NULL
610,inserir,NULL
611,emprestar,NULL
612,elaborar,NULL
613,suspender,NULL
614,relacionar,NULL
615,acelerar,NULL
616,alargar,NULL
617,arrumar,NULL
618,somar,NULL
619,constatar,NULL
620,depositar,NULL
621,administrar,NULL
622,espreitar,NULL
623,extrair,NULL
624,ocultar,NULL
625,espantar,NULL
626,fingir,NULL
627,agradecer,NULL
628,associar,NULL
629,exprimir,NULL
630,preservar,NULL
631,tecer,NULL
632,tardar,NULL
633,apressar,NULL
634,encolher,NULL
635,acentuar,NULL
636,sublinhar,NULL
637,falhar,NULL
638,rasgar,NULL
639,pronunciar,NULL
640,adivinhar,NULL
641,aguentar,NULL
642,processar,NULL
643,contrariar,NULL
644,divertir,NULL
645,incomodar,NULL
646,resumir,NULL
647,instituir,NULL
648,arder,NULL
649,consultar,NULL
650,doer,NULL
651,derrotar,NULL
652,encarregar,NULL
653,formular,NULL
654,adiar,NULL
655,violar,NULL
656,cercar,NULL
657,calhar,NULL
658,cessar,NULL
659,dispensar,NULL
660,comprovar,NULL
661,concretizar,NULL
662,convir,NULL
663,favorecer,NULL
664,plantar,NULL
665,penetrar,NULL
666,reproduzir,NULL
667,jurar,NULL
668,estremecer,NULL
669,ilustrar,NULL
670,hesitar,NULL
671,seleccionar,NULL
672,duvidar,NULL
673,enrolar,NULL
674,partilhar,NULL
675,renovar,NULL
676,traçar,NULL
677,planejar,NULL
678,ingressar,NULL
679,ousar,NULL
680,detectar,NULL
681,torcer,NULL
682,assinalar,NULL
683,editar,NULL
684,devolver,NULL
685,movimentar,NULL
686,lidar,NULL
687,aquecer,NULL
688,irritar,NULL
689,transferir,NULL
690,questionar,NULL
691,motivar,NULL
692,coordenar,NULL
693,agravar,NULL
694,firmar,NULL
695,acudir,NULL
696,auxiliar,NULL
697,expressar,NULL
698,enfiar,NULL
699,esgotar,NULL
700,guiar,NULL
701,captar,NULL
702,aconselhar,NULL
703,nomear,NULL
704,soar,NULL
705,disfarçar,NULL
706,depor,NULL
707,defrontar,NULL
708,encostar,NULL
709,abraçar,NULL
710,pousar,NULL
711,escorrer,NULL
712,debater,NULL
713,desencadear,NULL
714,herdar,NULL
715,explodir,NULL
716,fitar,NULL
717,acolher,NULL
718,contestar,NULL
719,morder,NULL
720,poupar,NULL
721,gemer,NULL
722,apelar,NULL
723,renunciar,NULL
724,reter,NULL
725,proclamar,NULL
726,consolidar,NULL
727,esmagar,NULL
728,recomeçar,NULL
729,articular,NULL
730,abrigar,NULL
731,suspirar,NULL
732,testar,NULL
733,comparecer,NULL
734,interrogar,NULL
735,perturbar,NULL
736,caçar,NULL
737,distrair,NULL
738,ajustar,NULL
739,vibrar,NULL
740,pisar,NULL
741,coincidir,NULL
742,provir,NULL
743,soprar,NULL
744,almoçar,NULL
745,incidir,NULL
746,culminar,NULL
747,oscilar,NULL
748,fartar,NULL
749,enxergar,NULL
750,conviver,NULL
751,abater,NULL
752,impressionar,NULL
753,punir,NULL
754,rebentar,NULL
755,telefonar,NULL
756,rondar,NULL
757,dificultar,NULL
758,figurar,NULL
759,ascender,NULL
760,engolir,NULL
761,livrar,NULL
762,alertar,NULL
763,contrair,NULL
764,implantar,NULL
765,imitar,NULL
766,expandir,NULL
767,pender,NULL
768,mentir,NULL
769,decretar,NULL
770,aliviar,NULL
771,secar,NULL
772,filmar,NULL
773,estalar,NULL
774,comportar,NULL
775,valorizar,NULL
776,suspeitar,NULL
777,prevenir,NULL
778,deslizar,NULL
779,dissolver,NULL
780,induzir,NULL
781,inclinar,NULL
782,berrar,NULL
783,abanar,NULL
784,emergir,NULL
785,esfregar,NULL
786,enriquecer,NULL
787,compensar,NULL
788,pressionar,NULL
789,encomendar,NULL
790,desafiar,NULL
791,isolar,NULL
792,tapar,NULL
793,avistar,NULL
794,anular,NULL
795,gerir,NULL
796,reinar,NULL
797,recear,NULL
798,revestir,NULL
799,brigar,NULL
800,pular,NULL
801,englobar,NULL
802,persistir,NULL
803,interferir,NULL
804,noticiar,NULL
805,acarretar,NULL
806,semear,NULL
807,reivindicar,NULL
808,candidatar,NULL
809,tombar,NULL
810,exportar,NULL
811,escalar,NULL
812,ofender,NULL
813,afundar,NULL
814,armazenar,NULL
815,deparar,NULL
816,odiar,NULL
817,incentivar,NULL
818,multiplicar,NULL
819,embarcar,NULL
820,elogiar,NULL
821,marchar,NULL
822,sufocar,NULL
823,desprezar,NULL
824,diferir,NULL
825,complicar,NULL
826,arrepender,NULL
827,atrapalhar,NULL
828,alongar,NULL
829,rematar,NULL
830,contactar,NULL
831,dotar,NULL
832,flutuar,NULL
833,remeter,NULL
834,evidenciar,NULL
835,estranhar,NULL
836,agrupar,NULL
837,desembarcar,NULL
838,reger,NULL
839,resmungar,NULL
840,detestar,NULL
841,homenagear,NULL
842,proferir,NULL
843,fundir,NULL
844,picar,NULL
845,restringir,NULL
846,teimar,NULL
847,especificar,NULL
848,reafirmar,NULL
849,substantivar,NULL
850,doar,NULL
851,aprofundar,NULL
852,denominar,NULL
853,ferver,NULL
854,pairar,NULL
855,acenar,NULL
856,centrar,NULL
857,aborrecer,NULL
858,enfatizar,NULL
859,empenhar,NULL
860,assemelhar,NULL
861,chefiar,NULL
862,equivaler,NULL
863,navegar,NULL
864,leccionar,NULL
865,precipitar,NULL
866,estragar,NULL
867,cansar,NULL
868,improvisar,NULL
869,varrer,NULL
870,dispersar,NULL
871,refugiar,NULL
872,retratar,NULL
873,velar,NULL
874,fiar,NULL
875,cumprimentar,NULL
876,contratar,NULL
877,advertir,NULL
878,devorar,NULL
879,apetecer,NULL
880,reprimir,NULL
881,replicar,NULL
882,ranger,NULL
883,mobilizar,NULL
884,culpar,NULL
885,capturar,NULL
886,enxugar,NULL
887,mencionar,NULL
888,predominar,NULL
889,frisar,NULL
890,curvar,NULL
891,alugar,NULL
892,agredir,NULL
893,atrever,NULL
894,baptizar,NULL
895,ponderar,NULL
896,narrar,NULL
897,namorar,NULL
898,banhar,NULL
899,actualizar,NULL
900,desabafar,NULL
901,curar,NULL
902,restaurar,NULL
903,roçar,NULL
904,remover,NULL
905,espiar,NULL
906,arrecadar,NULL
907,vingar,NULL
908,bradar,NULL
909,desligar,NULL
910,repousar,NULL
911,liberar,NULL
912,reformar,NULL
913,pesquisar,NULL
914,evocar,NULL
915,torturar,NULL
916,findar,NULL
917,fluir,NULL
918,decorar,NULL
919,jazer,NULL
920,responsabilizar,NULL
921,desmentir,NULL
922,chocar,NULL
923,consentir,NULL
924,debruçar,NULL
925,disciplinar,NULL
926,moer,NULL
927,parir,NULL
928,ensaiar,NULL
929,atar,NULL
930,accionar,NULL
931,preceder,NULL
932,pressentir,NULL
933,acalmar,NULL
934,atrasar,NULL
935,colar,NULL
936,furar,NULL
937,extinguir,NULL
938,vigiar,NULL
939,meditar,NULL
940,envelhecer,NULL
941,edificar,NULL
942,rebater,NULL
943,resgatar,NULL
944,alastrar,NULL
945,vagar,NULL
946,realçar,NULL
947,cascar,NULL
948,copiar,NULL
949,exceder,NULL
950,esforçar,NULL
951,escorregar,NULL
952,empreender,NULL
953,anteceder,NULL
954,clamar,NULL
955,intensificar,NULL
956,irar,NULL
957,suar,NULL
958,descartar,NULL
959,fortalecer,NULL
960,nadar,NULL
961,ostentar,NULL
962,roer,NULL
963,desenrolar,NULL
964,diferenciar,NULL
965,cancelar,NULL
966,balançar,NULL
967,apaixonar,NULL
968,consagrar,NULL
969,saudar,NULL
970,trair,NULL
971,soluçar,NULL
972,fiscalizar,NULL
973,finalizar,NULL
974,pescar,NULL
975,invocar,NULL
976,sequestrar,NULL
977,derramar,NULL
978,emigrar,NULL
979,suscitar,NULL
980,inverter,NULL
981,imprimir,NULL
982,habituar,NULL
983,implementar,NULL
984,licenciar,NULL
985,reaparecer,NULL
986,prevalecer,NULL
987,relembrar,NULL
988,empatar,NULL
989,balbuciar,NULL
990,cerrar,NULL
991,afogar,NULL
992,restabelecer,NULL
993,viabilizar,NULL
994,conformar,NULL
995,ditar,NULL
996,fotografar,NULL
997,estacionar,NULL
998,coçar,NULL
999,disponibilizar,NULL
1000,florescer,NULL
1001,ab-reagir,NULL
1002,ab-rogar,NULL
1003,abacharelar,NULL
1004,abacinar,NULL
1005,abafar,NULL
1006,abagunçar,NULL
1007,abainhar,NULL
1008,abaionetar,NULL
1009,abaixar,NULL
1010,abalançar,NULL
1011,abalienar,NULL
1012,abalroar,NULL
1013,abandalhar,NULL
1014,abandar,NULL
1015,abandeirar,NULL
1016,abarbar,NULL
1017,abarcar,NULL
1018,abarrotar,NULL
1019,abastar,NULL
1020,abastardar,NULL
1021,abastecer,NULL
1022,abaular,NULL
1023,abdicar,NULL
1024,abduzir,NULL
1025,abecar,NULL
1026,abeirar,NULL
1027,abençoar,NULL
1028,abendiçoar,NULL
1029,aberrar,NULL
1030,abespinhar,NULL
1031,abicar,NULL
1032,abirritar,NULL
1033,abismar,NULL
1034,abjurar,NULL
1035,ablaquear,NULL
1036,ablegar,NULL
1037,abluir,NULL
1038,abnegar,NULL
1039,abobadar,NULL
1040,abocanhar,NULL
1041,aboletar,NULL
1042,abolir,NULL
1043,abominar,NULL
1044,abortar,NULL
1045,abotoar,NULL
1046,abrandar,NULL
1047,abrasar,NULL
1048,abrasileirar,NULL
1049,abreviar,NULL
1050,abrilhantar,NULL
1051,abroquelar,NULL
1052,absceder,NULL
1053,abscindir,NULL
1054,absolutizar,NULL
1055,absolver,NULL
1056,abster,NULL
1057,abstrair,NULL
1058,abundar,NULL
1059,abusar,NULL
1060,acabrunhar,NULL
1061,açacalar,NULL
1062,academizar,NULL
1063,açafroar,NULL
1064,açaimar,NULL
1065,acalentar,NULL
1066,açamar,NULL
1067,acamaradar,NULL
1068,açambarcar,NULL
1069,acampar,NULL
1070,acanhar,NULL
1071,acarditar,NULL
1072,acarear,NULL
1073,acariciar,NULL
1074,acarinhar,NULL
1075,acartar,NULL
1076,acasalar,NULL
1077,acastanhar,NULL
1078,acastelar,NULL
1079,acatar,NULL
1080,acautelar,NULL
1081,accentuar,NULL
1082,acclarar,NULL
1083,accolher,NULL
1084,accordar,NULL
1085,accusar,NULL
1086,aceder,NULL
1087,acelarar,NULL
1088,acerar,NULL
1089,acerbar,NULL
1090,acercar,NULL
1091,acervar,NULL
1092,acessar,NULL
1093,acetar,NULL
1094,acetificar,NULL
1095,acetinar,NULL
1096,achacar,NULL
1097,achatar,NULL
1098,achegar,NULL
1099,acicatar,NULL
1100,acidificar,NULL
1101,acidular,NULL
1102,acimentar,NULL
1103,acinzentar,NULL
1104,acionar,NULL
1105,acirrar,NULL
1106,aclamar,NULL
1107,aclarar,NULL
1108,aclimar,NULL
1109,aclimatar,NULL
1110,aclimatizar,NULL
1111,acobardar,NULL
1112,acobertar,NULL
1113,acocorar,NULL
1114,açodar,NULL
1115,acoimar,NULL
1116,acoitar,NULL
1117,açoitar,NULL
1118,acolchetar,NULL
1119,acolchoar,NULL
1120,acometer,NULL
1121,acomodar,NULL
1122,acompridar,NULL
1123,aconchegar,NULL
1124,acondicionar,NULL
1125,acoplar,NULL
1126,acorrer,NULL
1127,acortinar,NULL
1128,acostumar,NULL
1129,acotovelar,NULL
1130,açoutar,NULL
1131,acovardar,NULL
1132,acrescer,NULL
1133,acretar,NULL
1134,acromatizar,NULL
1135,activar,NULL
1136,acuar,NULL
1137,açucarar,NULL
1138,açular,NULL
1139,aculturar,NULL
1140,acuminar,NULL
1141,acupunturar,NULL
1142,adamar,NULL
1143,adejar,NULL
1144,adelgaçar,NULL
1145,adequar,NULL
1146,adestrar,NULL
1147,adherir,NULL
1148,adicionar,NULL
1149,aditar,NULL
1150,adjectivar,NULL
1151,adjetivar,NULL
1152,adjudicar,NULL
1153,admoestar,NULL
1154,adoçar,NULL
1155,adocicar,NULL
1156,adoecer,NULL
1157,adolescer,NULL
1158,adornar,NULL
1159,adotar,NULL
1160,adrenalizar,NULL
1161,adsorver,NULL
1162,adubar,NULL
1163,adular,NULL
1164,adulterar,NULL
1165,adultizar,NULL
1166,adumbrar,NULL
1167,aduzir,NULL
1168,adverbializar,NULL
1169,advir,NULL
1170,advocar,NULL
1171,aerar,NULL
1172,aerossolizar,NULL
1173,afagar,NULL
1174,afalar,NULL
1175,afamar,NULL
1176,afazendar,NULL
1177,afazer,NULL
1178,afeganizar,NULL
1179,afeiçoar,NULL
1180,afeminar,NULL
1181,aferir,NULL
1182,aferroar,NULL
1183,aferventar,NULL
1184,afetar,NULL
1185,affirmar,NULL
1186,afiançar,NULL
1187,afiar,NULL
1188,aficar,NULL
1189,afilar,NULL
1190,afiliar,NULL
1191,afinar,NULL
1192,afivelar,NULL
1193,afixar,NULL
1194,afligir,NULL
1195,aflorar,NULL
1196,afluir,NULL
1197,afofar,NULL
1198,aforar,NULL
1199,aforismar,NULL
1200,aforquilhar,NULL
1201,afrancesar,NULL
1202,africanizar,NULL
1203,afrontar,NULL
1204,afrouxar,NULL
1205,afugentar,NULL
1206,afundir,NULL
1207,agachar,NULL
1208,agaloar,NULL
1209,agasalhar,NULL
1210,agastar,NULL
1211,agendar,NULL
1212,agigantar,NULL
1213,agilizar,NULL
1214,aglomerar,NULL
1215,aglutinar,NULL
1216,agoirar,NULL
1217,agoirentar,NULL
1218,agonizar,NULL
1219,agourar,NULL
1220,agourentar,NULL
1221,agraciar,NULL
1222,agrafar,NULL
1223,agregar,NULL
1224,agrilhoar,NULL
1225,agrisalhar,NULL
1226,aguar,NULL
1227,aguçar,NULL
1228,agudizar,NULL
1229,agüentar,NULL
1230,aguilhoar,NULL
1231,airar,NULL
1232,ajeitar,NULL
1233,ajoelhar,NULL
1234,ajuizar,NULL
1235,ajuntar,NULL
1236,alagar,NULL
1237,alambicar,NULL
1238,alancar,NULL
1239,alapar,NULL
1240,alar,NULL
1241,alardear,NULL
1242,alarmar,NULL
1243,alavancar,NULL
1244,albergar,NULL
1245,alcaguetar,NULL
1246,alcalinizar,NULL
1247,alçapremar,NULL
1248,alçar,NULL
1249,alcatroar,NULL
1250,alcoolizar,NULL
1251,alcovitar,NULL
1252,alcunhar,NULL
1253,aleatorizar,NULL
1254,alegorizar,NULL
1255,alegrar,NULL
1256,aleijar,NULL
1257,aleitar,NULL
1258,aleixar,NULL
1259,alentar,NULL
1260,alevantar,NULL
1261,alfabetar,NULL
1262,alfabetizar,NULL
1263,alfaiatar,NULL
1264,alfinetar,NULL
1265,alforriar,NULL
1266,algaraviar,NULL
1267,algemar,NULL
1268,algoritmizar,NULL
1269,alhear,NULL
1270,aliar,NULL
1271,alicatear,NULL
1272,alicerçar,NULL
1273,aliciar,NULL
1274,alienar,NULL
1275,aligeirar,NULL
1276,alijar,NULL
1277,alinhar,NULL
1278,alinhavar,NULL
1279,alisar,NULL
1280,alistar,NULL
1281,aliterar,NULL
1282,almejar,NULL
1283,almoedar,NULL
1284,alocar,NULL
1285,aloirar,NULL
1286,alojar,NULL
1287,alourar,NULL
1288,alqueivar,NULL
1289,alquilar,NULL
1290,alquimizar,NULL
1291,altear,NULL
1292,altercar,NULL
1293,alternar,NULL
1294,aluar,NULL
1295,alucinar,NULL
1296,aludir,NULL
1297,aluir,NULL
1298,alumbrar,NULL
1299,alumiar,NULL
1300,aluminizar,NULL
1301,alunar,NULL
1302,aluviar,NULL
1303,alvejar,NULL
1304,alvorecer,NULL
1305,alvoroçar,NULL
1306,amaciar,NULL
1307,amadurecer,NULL
1308,amainar,NULL
1309,amaldiçoar,NULL
1310,amalgamar,NULL
1311,amamentar,NULL
1312,amancebar,NULL
1313,amanhar,NULL
1314,amansar,NULL
1315,amanteigar,NULL
1316,amarelar,NULL
1317,amarelecer,NULL
1318,amarfanhar,NULL
1319,amarrar,NULL
1320,amassar,NULL
1321,amaynar,NULL
1322,ambiguar,NULL
1323,ambiguizar,NULL
1324,amear,NULL
1325,amedorentar,NULL
1326,amedrontar,NULL
1327,ameigar,NULL
1328,amenizar,NULL
1329,americanizar,NULL
1330,amigar,NULL
1331,amimar,NULL
1332,amnistiar,NULL
1333,amofinar,NULL
1334,amolar,NULL
1335,amolecer,NULL
1336,amolentar,NULL
1337,amolgar,NULL
1338,amontar,NULL
1339,amontoar,NULL
1340,amordaçar,NULL
1341,amorenar,NULL
1342,amortalhar,NULL
1343,amortecer,NULL
1344,amortizar,NULL
1345,amostrar,NULL
1346,amotinar,NULL
1347,amparar,NULL
1348,amplificar,NULL
1349,amputar,NULL
1350,amuar,NULL
1351,amuralhar,NULL
1352,amurar,NULL
1353,anabolizar,NULL
1354,anacronizar,NULL
1355,anafar,NULL
1356,anagramatizar,NULL
1357,analizar,NULL
1358,analogizar,NULL
1359,anarquizar,NULL
1360,anatematizar,NULL
1361,anatemizar,NULL
1362,anatomizar,NULL
1363,ancinhar,NULL
1364,ancorar,NULL
1365,anestesiar,NULL
1366,anexar,NULL
1367,angariar,NULL
1368,angelizar,NULL
1369,anglicizar,NULL
1370,angular,NULL
1371,angustiar,NULL
1372,aninhar,NULL
1373,aniquilar,NULL
1374,anistiar,NULL
1375,aniversariar,NULL
1376,anodizar,NULL
1377,anoitecer,NULL
1378,anonimizar,NULL
1379,anormalizar,NULL
1380,anotar,NULL
1381,anquilosar,NULL
1382,ansiar,NULL
1383,antagonizar,NULL
1384,antedatar,NULL
1385,antegostar,NULL
1386,antegozar,NULL
1387,antepor,NULL
1388,antever,NULL
1389,antidotar,NULL
1390,antipatizar,NULL
1391,antitetizar,NULL
1392,antojar,NULL
1393,antolhar,NULL
1394,antologizar,NULL
1395,antropizar,NULL
1396,antropomorfizar,NULL
1397,anualizar,NULL
1398,anuir,NULL
1399,anuviar,NULL
1400,apadrinhar,NULL
1401,apalpar,NULL
1402,aparafusar,NULL
1403,aparar,NULL
1404,aparatar,NULL
1405,aparelhar,NULL
1406,aparentar,NULL
1407,apartar,NULL
1408,apassamanar,NULL
1409,apatetar,NULL
1410,apavorar,NULL
1411,apaziguar,NULL
1412,apear,NULL
1413,apedrejar,NULL
1414,apegar,NULL
1415,apelidar,NULL
1416,apendar,NULL
1417,apender,NULL
1418,apendicular,NULL
1419,apensar,NULL
1420,apequenar,NULL
1421,aperceber,NULL
1422,aperfeiçoar,NULL
1423,aperrear,NULL
1424,apiedar,NULL
1425,apimentar,NULL
1426,apinhar,NULL
1427,apitar,NULL
1428,"aplacar- placate",NULL
1429,aplainar,NULL
1430,aplaudir,NULL
1431,apocopar,NULL
1432,apoderar,NULL
1433,apodizar,NULL
1434,apodrecer,NULL
1435,apologizar,NULL
1436,apoquentar,NULL
1437,apor,NULL
1438,aportuguesar,NULL
1439,aposentar,NULL
1440,apossar,NULL
1441,apostatar,NULL
1442,apostemar,NULL
1443,apostrofar,NULL
1444,apoteosar,NULL
1445,apoteotizar,NULL
1446,apoucar,NULL
1447,applicar,NULL
1448,approvar,NULL
1449,aprazer,NULL
1450,apreçar,NULL
1451,apreender,NULL
1452,apregoar,NULL
1453,apresar,NULL
1454,aprestar,NULL
1455,aprisionar,NULL
1456,aprontar,NULL
1457,apropriar,NULL
1458,aprovisionar,NULL
1459,aprumar,NULL
1460,apunhalar,NULL
1461,apupar,NULL
1462,aquaplanar,NULL
1463,aquartelar,NULL
1464,aquentar,NULL
1465,aquiescer,NULL
1466,aquietar,NULL
1467,aquilatar,NULL
1468,arabizar,NULL
1469,aramar,NULL
1470,arar,NULL
1471,arbitrar,NULL
1472,arborescer,NULL
1473,arborizar,NULL
1474,arcabuzar,NULL
1475,arear,NULL
1476,arejar,NULL
1477,arelar,NULL
1478,arengar,NULL
1479,arfar,NULL
1480,argentar,NULL
1481,arianizar,NULL
1482,aromatizar,NULL
1483,arpejar,NULL
1484,arpoar,NULL
1485,arquear,NULL
1486,arquejar,NULL
1487,arquitectar,NULL
1488,arquitetar,NULL
1489,arquivar,NULL
1490,arraigar,NULL
1491,arranhar,NULL
1492,arrasar,NULL
1493,arrazoar,NULL
1494,arrear,NULL
1495,arrebanhar,NULL
1496,arrebatar,NULL
1497,arrebentar,NULL
1498,arrecear,NULL
1499,arredar,NULL
1500,arredondar,NULL
1501,arrefecer,NULL
1502,arregalar,NULL
1503,arreganhar,NULL
1504,arregar,NULL
1505,arregimentar,NULL
1506,arreigar,NULL
1507,arrematar,NULL
1508,arremedar,NULL
1509,arremessar,NULL
1510,arrendar,NULL
1511,arrenegar,NULL
1512,arrepanhar,NULL
1513,arrepiar,NULL
1514,arriar,NULL
1515,arribar,NULL
1516,arrimar,NULL
1517,arrochar,NULL
1518,arrogar,NULL
1519,arrolhar,NULL
1520,arrombar,NULL
1521,arrotar,NULL
1522,arroubar,NULL
1523,arroxear,NULL
1524,arruar,NULL
1525,arruinar,NULL
1526,arrulhar,NULL
1527,arseniar,NULL
1528,arterializar,NULL
1529,artificializar,NULL
1530,artilhar,NULL
1531,arvorar,NULL
1532,arvorescer,NULL
1533,asar,NULL
1534,asfixiar,NULL
1535,asilar,NULL
1536,aspirar,NULL
1537,assacar,NULL
1538,assalariar,NULL
1539,assaltar,NULL
1540,assanhar,NULL
1541,assar,NULL
1542,assassinar,NULL
1543,assediar,NULL
1544,assenhorear,NULL
1545,assentir,NULL
1546,assestar,NULL
1547,asseverar,NULL
1548,assignalar,NULL
1549,assimilar,NULL
1550,assoberbar,NULL
1551,assobiar,NULL
1552,assolar,NULL
1553,assomar,NULL
1554,assombrar,NULL
1555,assoprar,NULL
1556,assorear,NULL
1557,assoviar,NULL
1558,atalhar,NULL
1559,atanazar,NULL
1560,atapetar,NULL
1561,atarantar,NULL
1562,atarefar,NULL
1563,atarraxar,NULL
1564,ataviar,NULL
1565,atazanar,NULL
1566,"atear fogo",NULL
1567,atear,NULL
1568,atemorizar,NULL
1569,atempar,NULL
1570,atenazar,NULL
1571,atentar,NULL
1572,atenuar,NULL
1573,ater,NULL
1574,aterrar,NULL
1575,aterrissar,NULL
1576,aterrorizar,NULL
1577,atestar,NULL
1578,atiçar,NULL
1579,atinar,NULL
1580,ativar,NULL
1581,atochar,NULL
1582,atolar,NULL
1583,atomizar,NULL
1584,atordoar,NULL
1585,atormentar,NULL
1586,atracar,NULL
1587,atraiçoar,NULL
1588,atravancar,NULL
1589,atrelar,NULL
1590,atrever-se,NULL
1591,atribular,NULL
1592,atritar,NULL
1593,atroar,NULL
1594,atrofiar,NULL
1595,atropelar,NULL
1596,attentar,NULL
1597,atturar,NULL
1598,atualizar,NULL
1599,atuar,NULL
1600,atulhar,NULL
1601,aturar,NULL
1602,aturdir,NULL
1603,auditar,NULL
1604,auferir,NULL
1605,augurar,NULL
1606,auguriar,NULL
1607,aureolar,NULL
1608,auscultar,NULL
1609,ausentar,NULL
1610,autenticar,NULL
1611,automatizar,NULL
1612,autopsiar,NULL
1613,autuar,NULL
1614,avalizar,NULL
1615,avariar,NULL
1616,avassalar,NULL
1617,aventar,NULL
1618,aventurar,NULL
1619,averbar,NULL
1620,avergonhar,NULL
1621,averiguar,NULL
1622,avermelhar,NULL
1623,aviar,NULL
1624,avigorar,NULL
1625,avir,NULL
1626,avivar,NULL
1627,aviventar,NULL
1628,avocar,NULL
1629,avolumar,NULL
1630,avultar,NULL
1631,azarar,NULL
1632,azedar,NULL
1633,azeitar,NULL
1634,azorragar,NULL
1635,azotar,NULL
1636,azucrinar,NULL
1637,azular,NULL
1638,azulejar,NULL
1639,babar,NULL
1640,babujar,NULL
1641,bacharelar,NULL
1642,badalar,NULL
1643,bafejar,NULL
1644,bailar,NULL
1645,bainhar,NULL
1646,bajular,NULL
1647,balancear,NULL
1648,balar,NULL
1649,balcanizar,NULL
1650,baldar,NULL
1651,baldear,NULL
1652,balear,NULL
1653,balir,NULL
1654,balizar,NULL
1655,balnear,NULL
1656,baloiçar,NULL
1657,balouçar,NULL
1658,bambolear,NULL
1659,banalizar,NULL
1660,bancar,NULL
1661,banir,NULL
1662,banquetear,NULL
1663,banzar,NULL
1664,barafustar,NULL
1665,baralhar,NULL
1666,baratear,NULL
1667,barbear,NULL
1668,bardar,NULL
1669,barganhar,NULL
1670,barrar,NULL
1671,barrir,NULL
1672,barulhar,NULL
1673,bastecer,NULL
1674,batalhar,NULL
1675,"bater bem",NULL
1676,"bater papo",NULL
1677,batizar,NULL
1678,batucar,NULL
1679,bazofiar,NULL
1680,beatificar,NULL
1681,bebemorar,NULL
1682,bebericar,NULL
1683,beberricar,NULL
1684,"beijar de língua",NULL
1685,beijocar,NULL
1686,beirar,NULL
1687,beliscar,NULL
1688,bem-aventurar,NULL
1689,bendizer,NULL
1690,benzer,NULL
1691,berçar,NULL
1692,besuntar,NULL
1693,betar,NULL
1694,betonar,NULL
1695,betumar,NULL
1696,bicar,NULL
1697,bifurcar,NULL
1698,bioacumular,NULL
1699,biografar,NULL
1700,biotransformar,NULL
1701,bisar,NULL
1702,bisbilhotar,NULL
1703,biscatear,NULL
1704,bivacar,NULL
1705,blandiciar,NULL
1706,blasfemar,NULL
1707,blasonar,NULL
1708,blefar,NULL
1709,blindar,NULL
1710,blogar,NULL
1711,bloquear,NULL
1712,bobear,NULL
1713,bocejar,NULL
1714,boiar,NULL
1715,boicotar,NULL
1716,bojar,NULL
1717,bolinar,NULL
1718,bombar,NULL
1719,bombardear,NULL
1720,bombear,NULL
1721,borboletear,NULL
1722,borbulhar,NULL
1723,bordar,NULL
1724,bordejar,NULL
1725,borrar,NULL
1726,borrifar,NULL
1727,bostar,NULL
1728,botanizar,NULL
1729,bouçar,NULL
1730,boxear,NULL
1731,brandir,NULL
1732,branquear,NULL
1733,brecar,NULL
1734,brindar,NULL
1735,brisar,NULL
1736,britar,NULL
1737,brocar,NULL
1738,brochar,NULL
1739,bronzear,NULL
1740,brotar,NULL
1741,bruar,NULL
1742,brunir,NULL
1743,bruxulear,NULL
1744,bufar,NULL
1745,buir,NULL
1746,bulhar,NULL
1747,burilar,NULL
1748,burlar,NULL
1749,burocratizar,NULL
1750,buzinar,NULL
1751,cabalar,NULL
1752,cabecear,NULL
1753,cablar,NULL
1754,cabriolar,NULL
1755,cabular,NULL
1756,cacarejar,NULL
1757,cacetear,NULL
1758,cachar,NULL
1759,cachear,NULL
1760,cachinar,NULL
1761,caçoar,NULL
1762,cadastrar,NULL
1763,cadear,NULL
1764,cadenciar,NULL
1765,caducar,NULL
1766,cafetinar,NULL
1767,cagar,NULL
1768,caiar,NULL
1769,calafetar,NULL
1770,calandrar,NULL
1771,"calar a boca",NULL
1772,calçar,NULL
1773,calcar,NULL
1774,calcificar,NULL
1775,calcinar,NULL
1776,caldear,NULL
1777,calejar,NULL
1778,calibrar,NULL
1779,caluniar,NULL
1780,cambalear,NULL
1781,cambar,NULL
1782,cambiar,NULL
1783,camuflar,NULL
1784,canalizar,NULL
1785,cangar,NULL
1786,canonizar,NULL
1787,cantarolar,NULL
1788,capacitar,NULL
1789,capar,NULL
1790,capengar,NULL
1791,capinar,NULL
1792,capitalizar,NULL
1793,capitanear,NULL
1794,capitular,NULL
1795,capotar,NULL
1796,caraterizar,NULL
1797,carbonar,NULL
1798,carbonizar,NULL
1799,cardar,NULL
1800,carecer,NULL
1801,carenar,NULL
1802,carimbar,NULL
1803,carpelar,NULL
1804,carpintejar,NULL
1805,carpir,NULL
1806,carrear,NULL
1807,cartear,NULL
1808,cascatear,NULL
1809,casquinar,NULL
1810,cassar,NULL
1811,castigar,NULL
1812,castrar,NULL
1813,catalisar,NULL
1814,catalizar,NULL
1815,catalogar,NULL
1816,"catar milho",NULL
1817,catar,NULL
1818,categorizar,NULL
1819,catequizar,NULL
1820,cativar,NULL
1821,caucionar,NULL
1822,caular,NULL
1823,cautelar,NULL
1824,cauterizar,NULL
1825,cavalgar,NULL
1826,cavar,NULL
1827,cavoucar,NULL
1828,cear,NULL
1829,cecear,NULL
1830,cegar,NULL
1831,ceifar,NULL
1832,censurar,NULL
1833,centelhar,NULL
1834,centralizar,NULL
1835,centrifugar,NULL
1836,certificar,NULL
1837,cerzir,NULL
1838,cevar,NULL
1839,chacinar,NULL
1840,chacoalhar,NULL
1841,chafurdar,NULL
1842,chamuscar,NULL
1843,chanfrar,NULL
1844,chantagear,NULL
1845,chantar,NULL
1846,chapar,NULL
1847,chapinhar,NULL
1848,charquear,NULL
1849,chatear,NULL
1850,checar,NULL
1851,cheguar,NULL
1852,chiar,NULL
1853,chibatar,NULL
1854,chibatear,NULL
1855,chicanar,NULL
1856,chicotear,NULL
1857,chifrar,NULL
1858,chilrar,NULL
1859,chilrear,NULL
1860,chimarrear,NULL
1861,chimarronear,NULL
1862,chispar,NULL
1863,chocalhar,NULL
1864,choer,NULL
1865,choramingar,NULL
1866,chouver,NULL
1867,"chover a cântaros",NULL
1868,"chover a potes",NULL
1869,chuchar,NULL
1870,chumbar,NULL
1871,chupar,NULL
1872,chutar,NULL
1873,chuviscar,NULL
1874,ciar,NULL
1875,cicatrizar,NULL
1876,cifrar,NULL
1877,cilhar,NULL
1878,cimentar,NULL
1879,cindir,NULL
1880,cingir,NULL
1881,cintar,NULL
1882,cintilar,NULL
1883,cinzelar,NULL
1884,circuncidar,NULL
1885,circundar,NULL
1886,circunscrever,NULL
1887,cisalhar,NULL
1888,cisar,NULL
1889,cismar,NULL
1890,civilizar,NULL
1891,clarear,NULL
1892,clarificar,NULL
1893,claudicar,NULL
1894,clicar,NULL
1895,clivar,NULL
1896,clonar,NULL
1897,clorar,NULL
1898,coabitar,NULL
1899,coadjuvar,NULL
1900,coadministrar,NULL
1901,coadunar,NULL
1902,coagir,NULL
1903,coagular,NULL
1904,coalescer,NULL
1905,coalhar,NULL
1906,coar,NULL
1907,coassinar,NULL
1908,coaxar,NULL
1909,cobiçar,NULL
1910,cochar,NULL
1911,cochichar,NULL
1912,cochilar,NULL
1913,cocoricar,NULL
1914,codificar,NULL
1915,coevoluir,NULL
1916,coexistir,NULL
1917,cõfessar,NULL
1918,cofiar,NULL
1919,cogitar,NULL
1920,cognominar,NULL
1921,cohabitar,NULL
1922,coibir,NULL
1923,coicear,NULL
1924,coisificar,NULL
1925,coitar,NULL
1926,colear,NULL
1927,colecionar,NULL
1928,coletar,NULL
1929,colidir,NULL
1930,coligir,NULL
1931,colimar,NULL
1932,colinear,NULL
1933,colmar,NULL
1934,colmatar,NULL
1935,"colocar lenha na fogueira",NULL
1936,colonizar,NULL
1937,colorar,NULL
1938,colorir,NULL
1939,combalir,NULL
1940,comboiar,NULL
1941,comendar,NULL
1942,comercializar,NULL
1943,comerciar,NULL
1944,cometter,NULL
1945,comichar,NULL
1946,cominar,NULL
1947,comiscar,NULL
1948,comiserar,NULL
1949,comitar,NULL
1950,commandar,NULL
1951,commeçar,NULL
1952,commeter,NULL
1953,commetter,NULL
1954,communicar,NULL
1955,comover,NULL
1956,compactar,NULL
1957,compactuar,NULL
1958,compadecer,NULL
1959,compaginar,NULL
1960,compartilhar,NULL
1961,compenetrar,NULL
1962,compilar,NULL
1963,complanar,NULL
1964,complementar,NULL
1965,complexar,NULL
1966,compostar,NULL
1967,comprazer,NULL
1968,comprehender,NULL
1969,comprender,NULL
1970,comprimir,NULL
1971,compulsar,NULL
1972,computar,NULL
1973,comungar,NULL
1974,comutar,NULL
1975,concatenar,NULL
1976,conceituar,NULL
1977,concernir,NULL
1978,concertar,NULL
1979,conciliar,NULL
1980,concretar,NULL
1981,concruir,NULL
1982,condecorar,NULL
1983,condensar,NULL
1984,condescender,NULL
1985,condicionar,NULL
1986,condimentar,NULL
1987,condizer,NULL
1988,conectar,NULL
1989,confabular,NULL
1990,confeccionar,NULL
1991,configurar,NULL
1992,confinar,NULL
1993,confiscar,NULL
1994,conflitar,NULL
1995,confluir,NULL
1996,confortar,NULL
1997,confraternizar,NULL
1998,confrontar,NULL
1999,congelar,NULL
2000,congestionar,NULL
2001,congraçar,NULL
2002,congratular,NULL
2003,congregar,NULL
2004,conhocer,NULL
2005,conjecturar,NULL
2006,conjeturar,NULL
2007,conjugar,NULL
2008,conjurar,NULL
2009,connectar,NULL
2010,conotar,NULL
2011,consciencializar,NULL
2012,conscientizar,NULL
2013,consertar,NULL
2014,consignar,NULL
2015,consolar,NULL
2016,conspirar,NULL
2017,conspurcar,NULL
2018,constelar,NULL
2019,consternar,NULL
2020,constitucionalizar,NULL
2021,constranger,NULL
2022,constringir,NULL
2023,consubstanciar,NULL
2024,consumar,NULL
2025,contagiar,NULL
2026,contaminar,NULL
2027,contatar,NULL
2028,contender,NULL
2029,contentar,NULL
2030,contextualizar,NULL
2031,contingenciar,NULL
2032,contorcer,NULL
2033,contornar,NULL
2034,contra-atacar,NULL
2035,contrabalançar,NULL
2036,contrabalancear,NULL
2037,contrabandear,NULL
2038,contracenar,NULL
2039,contradizer,NULL
2040,contrafazer,NULL
2041,contraindicar,NULL
2042,contraminar,NULL
2043,contrapesar,NULL
2044,contrapor,NULL
2045,contrastar,NULL
2046,controverter,NULL
2047,conturbar,NULL
2048,convalescer,NULL
2049,convalidar,NULL
2050,convencionar,NULL
2051,convergir,NULL
2052,convulsar,NULL
2053,convulsionar,NULL
2054,cooperar,NULL
2055,cooptar,NULL
2056,copular,NULL
2057,corar,NULL
2058,corcovar,NULL
2059,corcovear,NULL
2060,cornear,NULL
2061,coroar,NULL
2062,correlacionar,NULL
2063,correlatar,NULL
2064,corroborar,NULL
2065,corroer,NULL
2066,corromper,NULL
2067,corrugar,NULL
2068,cortejar,NULL
2069,coscuvilhar,NULL
2070,coser,NULL
2071,costear,NULL
2072,costurar,NULL
2073,cotar,NULL
2074,cotejar,NULL
2075,cotovelar,NULL
2076,cozer,NULL
2077,cozinhar,NULL
2078,craquear,NULL
2079,cravar,NULL
2080,cravejar,NULL
2081,crecer,NULL
2082,credenciar,NULL
2083,creditar,NULL
2084,cremar,NULL
2085,crepitar,NULL
2086,crestar,NULL
2087,cricrilar,NULL
2088,criminalizar,NULL
2089,criptografar,NULL
2090,crispar,NULL
2091,cristalizar,NULL
2092,cristianizar,NULL
2093,cristificar,NULL
2094,crivar,NULL
2095,crochetar,NULL
2096,crocitar,NULL
2097,cromar,NULL
2098,cronicar,NULL
2099,cronologizar,NULL
2100,cronometrar,NULL
2101,cruciar,NULL
2102,crucificar,NULL
2103,cubar,NULL
2104,cucar,NULL
2105,culpabilizar,NULL
2106,cultuar,NULL
2107,culturalizar,NULL
2108,cumular,NULL
2109,cunhar,NULL
2110,curetar,NULL
2111,cursar,NULL
2112,curtir,NULL
2113,curto-circuitar,NULL
2114,curvetear,NULL
2115,"custar o olho da cara",NULL
2116,custear,NULL
2117,custodiar,NULL
2118,customizar,NULL
2119,cutucar,NULL
2120,cuydar,NULL
2121,dactilografar,NULL
2122,dadivar,NULL
2123,damasquinar,NULL
2124,damnar,NULL
2125,danar,NULL
2126,danificar,NULL
2127,dardejar,NULL
2128,datar,NULL
2129,datilografar,NULL
2130,deambular,NULL
2131,debandar,NULL
2132,debelar,NULL
2133,debicar,NULL
2134,debilitar,NULL
2135,debitar,NULL
2136,debochar,NULL
2137,debugar,NULL
2138,debulhar,NULL
2139,debutar,NULL
2140,debuxar,NULL
2141,decair,NULL
2142,decantar,NULL
2143,decapitar,NULL
2144,decender,NULL
2145,decepar,NULL
2146,decepcionar,NULL
2147,decer,NULL
2148,decifrar,NULL
2149,decimalizar,NULL
2150,decimar,NULL
2151,declamar,NULL
2152,declinar,NULL
2153,decolar,NULL
2154,decompor,NULL
2155,decompôr,NULL
2156,decotar,NULL
2157,decrepitar,NULL
2158,decrescer,NULL
2159,decriptar,NULL
2160,decuplicar,NULL
2161,dedilhar,NULL
2162,dedurar,NULL
2163,deduzir,NULL
2164,defecar,NULL
2165,defenestrar,NULL
2166,deferir,NULL
2167,definhar,NULL
2168,deflagrar,NULL
2169,deflorar,NULL
2170,deformar,NULL
2171,defraudar,NULL
2172,defumar,NULL
2173,degelar,NULL
2174,degenerar,NULL
2175,deglaçar,NULL
2176,deglacear,NULL
2177,deglutir,NULL
2178,degolar,NULL
2179,degradar,NULL
2180,degringolar,NULL
2181,degustar,NULL
2182,deificar,NULL
2183,dejectar,NULL
2184,dejetar,NULL
2185,delatar,NULL
2186,delegar,NULL
2187,deletar,NULL
2188,deliberar,NULL
2189,deliciar,NULL
2190,delimitar,NULL
2191,delinear,NULL
2192,delinquir,NULL
2193,delir,NULL
2194,delongar,NULL
2195,demandar,NULL
2196,demarcar,NULL
2197,demasiar,NULL
2198,demittir,NULL
2199,democratizar,NULL
2200,demolir,NULL
2201,demonizar,NULL
2202,denotar,NULL
2203,depauperar,NULL
2204,depenar,NULL
2205,dependurar,NULL
2206,depilar,NULL
2207,deportar,NULL
2208,deprecar,NULL
2209,depreciar,NULL
2210,depredar,NULL
2211,depreender,NULL
2212,deprimir,NULL
2213,depurar,NULL
2214,deputar,NULL
2215,derrapar,NULL
2216,derreter,NULL
2217,derribar,NULL
2218,derrocar,NULL
2219,derrogar,NULL
2220,derruir,NULL
2221,desabalroar,NULL
2222,desabar,NULL
2223,desabilitar,NULL
2224,desabituar,NULL
2225,desabotoar,NULL
2226,desabraçar,NULL
2227,desabrochar,NULL
2228,desacatar,NULL
2229,desacelerar,NULL
2230,desacompanhar,NULL
2231,desaconselhar,NULL
2232,desacreditar,NULL
2233,desactivar,NULL
2234,desafinar,NULL
2235,desafivelar,NULL
2236,desafogar,NULL
2237,desagradecer,NULL
2238,desagregar,NULL
2239,desajustar,NULL
2240,desalentar,NULL
2241,desalojar,NULL
2242,desamarrar,NULL
2243,desambiguar,NULL
2244,desamparar,NULL
2245,desancar,NULL
2246,desancorar,NULL
2247,desandar,NULL
2248,desanimar,NULL
2249,desanuviar,NULL
2250,desaparacer,NULL
2251,desapegar,NULL
2252,desapontar,NULL
2253,desapparecer,NULL
2254,desaprovar,NULL
2255,desarmar,NULL
2256,desarmonizar,NULL
2257,desarraigar,NULL
2258,desarranjar,NULL
2259,desarrazoar,NULL
2260,desarrumar,NULL
2261,desarticular,NULL
2262,desasar,NULL
2263,desatar,NULL
2264,desatarraxar,NULL
2265,desatinar,NULL
2266,desativar,NULL
2267,desavergonhar,NULL
2268,desbancar,NULL
2269,desbaratar,NULL
2270,desbastar,NULL
2271,desbloquear,NULL
2272,desbordar,NULL
2273,desbotar,NULL
2274,descair,NULL
2275,descalçar,NULL
2276,descamar,NULL
2277,descambar,NULL
2278,descarbonizar,NULL
2279,descarnar,NULL
2280,descaroçar,NULL
2281,descarregar,NULL
2282,descarrilar,NULL
2283,descarrilhar,NULL
2284,descascar,NULL
2285,descender,NULL
2286,descentralizar,NULL
2287,descercar,NULL
2288,desclassificar,NULL
2289,descolar,NULL
2290,descolorar,NULL
2291,descolorir,NULL
2292,descomplicar,NULL
2293,descompor,NULL
2294,desconcentrar,NULL
2295,desconcertar,NULL
2296,desconectar,NULL
2297,desconfortar,NULL
2298,descongelar,NULL
2299,desconsagrar,NULL
2300,desconsiderar,NULL
2301,desconstruir,NULL
2302,descontar,NULL
2303,descontinuar,NULL
2304,descontrair,NULL
2305,desconversar,NULL
2306,desconvidar,NULL
2307,descordar,NULL
2308,descoroçoar,NULL
2309,descortinar,NULL
2310,descrer,NULL
2311,descriminar,NULL
2312,descuidar,NULL
2313,descumprir,NULL
2314,desdar,NULL
2315,desdemocratizar,NULL
2316,desdenhar,NULL
2317,desdizer,NULL
2318,deseducar,NULL
2319,desemaranhar,NULL
2320,desembalar,NULL
2321,desembaraçar,NULL
2322,desembestar,NULL
2323,desembrulhar,NULL
2324,desempacotar,NULL
2325,desempanar,NULL
2326,desempatar,NULL
2327,desempoar,NULL
2328,desempoeirar,NULL
2329,desencalhar,NULL
2330,desencaminhar,NULL
2331,desencantar,NULL
2332,desencarnar,NULL
2333,desencorajar,NULL
2334,desencriptar,NULL
2335,desenganar,NULL
2336,desengatar,NULL
2337,desenlaçar,NULL
2338,desenredar,NULL
2339,desenterrar,NULL
2340,desentranhar,NULL
2341,deserdar,NULL
2342,desertar,NULL
2343,desesperar,NULL
2344,desestabilizar,NULL
2345,deseuropeizar,NULL
2346,desfalcar,NULL
2347,desfalecer,NULL
2348,desfarçar,NULL
2349,desferir,NULL
2350,desfiar,NULL
2351,desfigurar,NULL
2352,desfilar,NULL
2353,desfivelar,NULL
2354,desflorestar,NULL
2355,desfocar,NULL
2356,desfolhar,NULL
2357,desformar,NULL
2358,desfragmentar,NULL
2359,desfraldar,NULL
2360,desfrutar,NULL
2361,desgalhar,NULL
2362,desgastar,NULL
2363,desgostar,NULL
2364,desgovernar,NULL
2365,desgraçar,NULL
2366,desidratar,NULL
2367,desiludir,NULL
2368,desimpedir,NULL
2369,desinfectar,NULL
2370,desinfetar,NULL
2371,desinflar,NULL
2372,desinstalar,NULL
2373,desintegrar,NULL
2374,desinteressar,NULL
2375,desintoxicar,NULL
2376,desjejuar,NULL
2377,deslanchar,NULL
2378,deslastrar,NULL
2379,desleixar,NULL
2380,deslindar,NULL
2381,deslocalizar,NULL
2382,deslogar,NULL
2383,deslustrar,NULL
2384,desmagnetizar,NULL
2385,desmaiar,NULL
2386,desmamar,NULL
2387,desmanchar,NULL
2388,desmantelar,NULL
2389,desmarcar,NULL
2390,desmatar,NULL
2391,desmembrar,NULL
2392,desmerecer,NULL
2393,desmistificar,NULL
2394,desmitificar,NULL
2395,desmobilizar,NULL
2396,desmontar,NULL
2397,desmoralizar,NULL
2398,desmoronar,NULL
2399,desmotivar,NULL
2400,desnivelar,NULL
2401,desnortear,NULL
2402,desnudar,NULL
2403,desobrigar,NULL
2404,desobstruir,NULL
2405,desodorizar,NULL
2406,desonerar,NULL
2407,desonrar,NULL
2408,desordenar,NULL
2409,desorganizar,NULL
2410,desorientar,NULL
2411,desossar,NULL
2412,desovar,NULL
2413,desoxidar,NULL
2414,desoxigenar,NULL
2415,despachar,NULL
2416,despedaçar,NULL
2417,despeitar,NULL
2418,despejar,NULL
2419,despencar,NULL
2420,despender,NULL
2421,despenhar,NULL
2422,despentear,NULL
2423,desperceber,NULL
2424,desperdiçar,NULL
2425,despersuadir,NULL
2426,despir,NULL
2427,despojar,NULL
2428,despolarizar,NULL
2429,despoletar,NULL
2430,desposar,NULL
2431,despovoar,NULL
2432,despregar,NULL
2433,desprender,NULL
2434,despreocupar,NULL
2435,desproporcionar,NULL
2436,desproteger,NULL
2437,desprover,NULL
2438,desqualificar,NULL
2439,desregular,NULL
2440,desrespeitar,NULL
2441,dessalinizar,NULL
2442,dessedentar,NULL
2443,desseguir,NULL
2444,dessulfurar,NULL
2445,dessulfurizar,NULL
2446,destelhar,NULL
2447,desterrar,NULL
2448,destilar,NULL
2449,destillar,NULL
2450,destituir,NULL
2451,destoar,NULL
2452,destoxificar,NULL
2453,destrancar,NULL
2454,destratar,NULL
2455,destrinçar,NULL
2456,destrinchar,NULL
2457,destroçar,NULL
2458,desunir,NULL
2459,desusar,NULL
2460,desvairar,NULL
2461,desvalorizar,NULL
2462,desvanecer,NULL
2463,desvelar,NULL
2464,desvencilhar,NULL
2465,desvendar,NULL
2466,desvincular,NULL
2467,desvirginar,NULL
2468,desvirtuar,NULL
2469,desvitalizar,NULL
2470,detalhar,NULL
2471,deteriorar,NULL
2472,detonar,NULL
2473,detratar,NULL
2474,devanear,NULL
2475,devassar,NULL
2476,devastar,NULL
2477,devir,NULL
2478,devisar,NULL
2479,devotar,NULL
2480,deyxar,NULL
2481,diagnosticar,NULL
2482,dialogar,NULL
2483,dicar,NULL
2484,difamar,NULL
2485,differir,NULL
2486,difratar,NULL
2487,difundir,NULL
2488,digerir,NULL
2489,digitalizar,NULL
2490,digitar,NULL
2491,dignar,NULL
2492,dignificar,NULL
2493,dilacerar,NULL
2494,dilapidar,NULL
2495,dilatar,NULL
2496,diluir,NULL
2497,dinamitar,NULL
2498,dinamizar,NULL
2499,diplomar,NULL
2500,direcionar,NULL
2501,dirimir,NULL
2502,discar,NULL
2503,discernir,NULL
2504,discordar,NULL
2505,discorrer,NULL
2506,discretear,NULL
2507,discriminar,NULL
2508,disparatar,NULL
2509,dissecar,NULL
2510,disseminar,NULL
2511,dissentir,NULL
2512,dissimular,NULL
2513,dissipar,NULL
2514,dissuadir,NULL
2515,distanciar,NULL
2516,distar,NULL
2517,distorcer,NULL
2518,distratar,NULL
2519,ditongar,NULL
2520,divagar,NULL
2521,divergir,NULL
2522,diversificar,NULL
2523,divinizar,NULL
2524,divisar,NULL
2525,divorciar,NULL
2526,dizimar,NULL
2527,doirar,NULL
2528,domar,NULL
2529,dourar,NULL
2530,doutrinar,NULL
2531,dragar,NULL
2532,dramatizar,NULL
2533,drapejar,NULL
2534,drenar,NULL
2535,driblar,NULL
2536,drogar,NULL
2537,dublar,NULL
2538,duelar,NULL
2539,duplicar,NULL
2540,eclipsar,NULL
2541,eclodir,NULL
2542,ecoar,NULL
2543,ecolocar,NULL
2544,economizar,NULL
2545,edemaciar,NULL
2546,educar,NULL
2547,edulcorar,NULL
2548,eduzir,NULL
2549,efabular,NULL
2550,efectivar,NULL
2551,efeminar,NULL
2552,efervescer,NULL
2553,efetivar,NULL
2554,efetuar,NULL
2555,egressar,NULL
2556,ejacular,NULL
2557,ejectar,NULL
2558,ejetar,NULL
2559,electrificar,NULL
2560,electrizar,NULL
2561,electrolisar,NULL
2562,elencar,NULL
2563,eletrificar,NULL
2564,eletrizar,NULL
2565,eletrocutar,NULL
2566,eletrolisar,NULL
2567,eliciar,NULL
2568,elidir,NULL
2569,elucidar,NULL
2570,eludir,NULL
2571,emaciar,NULL
2572,emagrecer,NULL
2573,emalhetar,NULL
2574,emanar,NULL
2575,emancipar,NULL
2576,emaranhar,NULL
2577,emascular,NULL
2578,embaçar,NULL
2579,embaciar,NULL
2580,embainhar,NULL
2581,embaixar,NULL
2582,embalar,NULL
2583,embalsamar,NULL
2584,embandeirar,NULL
2585,embaraçar,NULL
2586,embaralhar,NULL
2587,embargar,NULL
2588,embarrar,NULL
2589,embarrilar,NULL
2590,embasar,NULL
2591,embasbacar,NULL
2592,embater,NULL
2593,embaular,NULL
2594,embebedar,NULL
2595,embeber,NULL
2596,embeiçar,NULL
2597,embelezar,NULL
2598,embirrar,NULL
2599,embolizar,NULL
2600,embolsar,NULL
2601,emborcar,NULL
2602,emboscar,NULL
2603,embotar,NULL
2604,embotelhar,NULL
2605,embranquecer,NULL
2606,embravecer,NULL
2607,embrenhar,NULL
2608,embriagar,NULL
2609,embromar,NULL
2610,embrulhar,NULL
2611,embuçar,NULL
2612,emendar,NULL
2613,ementar,NULL
2614,emmagrecer,NULL
2615,emmoldurar,NULL
2616,emocionar,NULL
2617,emoldurar,NULL
2618,empacar,NULL
2619,empachar,NULL
2620,empacotar,NULL
2621,empalar,NULL
2622,empalhar,NULL
2623,empalidecer,NULL
2624,empanar,NULL
2625,empanturrar,NULL
2626,empanzinar,NULL
2627,empapelar,NULL
2628,emparedar,NULL
2629,emparelhar,NULL
2630,empeçonhar,NULL
2631,empedernir,NULL
2632,emperrar,NULL
2633,empertigar,NULL
2634,empestear,NULL
2635,empilhar,NULL
2636,empiorar,NULL
2637,emplastrar,NULL
2638,empoar,NULL
2639,empobrecer,NULL
2640,empoderar,NULL
2641,empolar,NULL
2642,empoleirar,NULL
2643,empolgar,NULL
2644,empossar,NULL
2645,emprehender,NULL
2646,empreitar,NULL
2647,emprenhar,NULL
2648,empunhar,NULL
2649,emudecer,NULL
2650,enamorar,NULL
2651,encabeçar,NULL
2652,encabular,NULL
2653,encaçapar,NULL
2654,encadear,NULL
2655,encadernar,NULL
2656,encaixar,NULL
2657,encaixilhar,NULL
2658,encaixotar,NULL
2659,encalhar,NULL
2660,encampar,NULL
2661,encantar,NULL
2662,encapar,NULL
2663,encapotar,NULL
2664,encapsular,NULL
2665,encaracolar,NULL
2666,encarcerar,NULL
2667,encarecer,NULL
2668,encarnar,NULL
2669,encaroçar,NULL
2670,encarquilhar,NULL
2671,encastrar,NULL
2672,encayxar,NULL
2673,encefalizar,NULL
2674,enceleirar,NULL
2675,encenar,NULL
2676,encerar,NULL
2677,encestar,NULL
2678,encetar,NULL
2679,encharcar,NULL
2680,encilhar,NULL
2681,enclausurar,NULL
2682,encobrir,NULL
2683,encoleirar,NULL
2684,encolerizar,NULL
2685,encompridar,NULL
2686,encorajar,NULL
2687,encordoar,NULL
2688,encorpar,NULL
2689,encorrer,NULL
2690,encortinar,NULL
2691,encravar,NULL
2692,encrespar,NULL
2693,encriptar,NULL
2694,encruzar,NULL
2695,encurtar,NULL
2696,encurvar,NULL
2697,endereçar,NULL
2698,endeusar,NULL
2699,endfadar,NULL
2700,endireitar,NULL
2701,endoidar,NULL
2702,endoidecer,NULL
2703,endossar,NULL
2704,endoutrinar,NULL
2705,endurecer,NULL
2706,enegrecer,NULL
2707,energizar,NULL
2708,enervar,NULL
2709,enevoar,NULL
2710,enfaixar,NULL
2711,enfardar,NULL
2712,enfardelar,NULL
2713,enfarinhar,NULL
2714,enfarruscar,NULL
2715,enfastiar,NULL
2716,enfear,NULL
2717,enfeitar,NULL
2718,enfeitiçar,NULL
2719,enfermar,NULL
2720,enferrujar,NULL
2721,enfezar,NULL
2722,enfileirar,NULL
2723,enforcar,NULL
2724,enformar,NULL
2725,enfraquecer,NULL
2726,enfronhar,NULL
2727,enfurecer,NULL
2728,engabelar,NULL
2729,engaiolar,NULL
2730,engajar,NULL
2731,engalfinhar,NULL
2732,engambelar,NULL
2733,enganchar,NULL
2734,engarrafar,NULL
2735,engasgar,NULL
2736,engastar,NULL
2737,engatinhar,NULL
2738,engendrar,NULL
2739,engessar,NULL
2740,engodar,NULL
2741,engolfar,NULL
2742,engomar,NULL
2743,engordar,NULL
2744,engraçar,NULL
2745,engradar,NULL
2746,engrandecer,NULL
2747,engravidar,NULL
2748,engraxar,NULL
2749,engrenar,NULL
2750,engrossar,NULL
2751,engrupir,NULL
2752,enguiçar,NULL
2753,enjoar,NULL
2754,enlaçar,NULL
2755,enlanguescer,NULL
2756,enlatar,NULL
2757,enlear,NULL
2758,enlouquecer,NULL
2759,enmendar,NULL
2760,enojar,NULL
2761,enovelar,NULL
2762,enquadrar,NULL
2763,enraivecer,NULL
2764,enramalhetar,NULL
2765,enredar,NULL
2766,enrijar,NULL
2767,enrijecer,NULL
2768,enrocar,NULL
2769,enroupar,NULL
2770,enrubescer,NULL
2771,enrugar,NULL
2772,ensaboar,NULL
2773,ensacar,NULL
2774,ensamblar,NULL
2775,ensandecer,NULL
2776,ensanguentar,NULL
2777,ensangüentar,NULL
2778,ensejar,NULL
2779,ensilar,NULL
2780,ensombrar,NULL
2781,ensopar,NULL
2782,ensurdecer,NULL
2783,entabuar,NULL
2784,entabular,NULL
2785,entalhar,NULL
2786,entardecer,NULL
2787,entediar,NULL
2788,entelhar,NULL
2789,enternecer,NULL
2790,entesar,NULL
2791,entintar,NULL
2792,entitular,NULL
2793,entoar,NULL
2794,entocar,NULL
2795,entonar,NULL
2796,entornar,NULL
2797,entorpecer,NULL
2798,entortar,NULL
2799,entrançar,NULL
2800,entranhar,NULL
2801,entravar,NULL
2802,entrecortar,NULL
2803,entrelaçar,NULL
2804,entrelinhar,NULL
2805,entremear,NULL
2806,entreolhar,NULL
2807,entretecer,NULL
2808,entreter,NULL
2809,entrever,NULL
2810,entrevistar,NULL
2811,entrincheirar,NULL
2812,entristecer,NULL
2813,entronar,NULL
2814,entronizar,NULL
2815,entrouxar,NULL
2816,entulhar,NULL
2817,entumescer,NULL
2818,entupir,NULL
2819,entusiasmar,NULL
2820,enumerar,NULL
2821,enunciar,NULL
2822,envaidecer,NULL
2823,envenenar,NULL
2824,enverdecer,NULL
2825,enveredar,NULL
2826,envergar,NULL
2827,envergonhar,NULL
2828,envernizar,NULL
2829,envidar,NULL
2830,enviesar,NULL
2831,envilecer,NULL
2832,enviuvar,NULL
2833,enxadar,NULL
2834,enxaguar,NULL
2835,enxertar,NULL
2836,enxotar,NULL
2837,epitomizar,NULL
2838,equacionar,NULL
2839,equilibrar,NULL
2840,equipar,NULL
2841,equiparar,NULL
2842,erigir,NULL
2843,erodir,NULL
2844,erotizar,NULL
2845,erradicar,NULL
2846,eructar,NULL
2847,esbaforir,NULL
2848,esbanjar,NULL
2849,esbatar,NULL
2850,esboçar,NULL
2851,esbofetear,NULL
2852,esbombardear,NULL
2853,esbrasear,NULL
2854,esbugalhar,NULL
2855,esbulhar,NULL
2856,esburacar,NULL
2857,esburgar,NULL
2858,escachoar,NULL
2859,escaldar,NULL
2860,escalfar,NULL
2861,escalonar,NULL
2862,escalpar,NULL
2863,escalpelar,NULL
2864,escamar,NULL
2865,escançar,NULL
2866,escancarar,NULL
2867,escancear,NULL
2868,escanchar,NULL
2869,escandir,NULL
2870,escanear,NULL
2871,escangalhar,NULL
2872,escapulir,NULL
2873,escarafunchar,NULL
2874,escaramuçar,NULL
2875,escarchar,NULL
2876,escarificar,NULL
2877,escarnecer,NULL
2878,escarnir,NULL
2879,escarranchar,NULL
2880,escarrar,NULL
2881,escassear,NULL
2882,escavar,NULL
2883,escoar,NULL
2884,escoicear,NULL
2885,escolarizar,NULL
2886,escoltar,NULL
2887,esconjurar,NULL
2888,escorar,NULL
2889,escoriar,NULL
2890,escornar,NULL
2891,escorvar,NULL
2892,escovar,NULL
2893,escravizar,NULL
2894,escriturar,NULL
2895,escrutar,NULL
2896,escrutinar,NULL
2897,escrutinizar,NULL
2898,escuitar,NULL
2899,esculachar,NULL
2900,esculpir,NULL
2901,escumar,NULL
2902,escurecer,NULL
2903,escusar,NULL
2904,esfacelar,NULL
2905,esfaquear,NULL
2906,esfarelar,NULL
2907,esfarpar,NULL
2908,esfolar,NULL
2909,esfomear,NULL
2910,esfriar,NULL
2911,esfumar,NULL
2912,esgalhar,NULL
2913,esganar,NULL
2914,esgaravatar,NULL
2915,esgarçar,NULL
2916,esgravatar,NULL
2917,esgrimir,NULL
2918,esgueirar,NULL
2919,esguichar,NULL
2920,esmaecer,NULL
2921,esmaltar,NULL
2922,esmerar,NULL
2923,esmigalhar,NULL
2924,esmiuçar,NULL
2925,esmorecer,NULL
2926,esmurrar,NULL
2927,espaçar,NULL
2928,espacear,NULL
2929,espadelar,NULL
2930,espairecer,NULL
2931,espanar,NULL
2932,espancar,NULL
2933,espanholizar,NULL
2934,esparramar,NULL
2935,espasmar,NULL
2936,especializar,NULL
2937,especular,NULL
2938,espedir,NULL
2939,espelhar,NULL
2940,esperançar,NULL
2941,espetar,NULL
2942,espezinhar,NULL
2943,espichar,NULL
2944,espionar,NULL
2945,espiritualizar,NULL
2946,espirrar,NULL
2947,espocar,NULL
2948,espojar,NULL
2949,espoliar,NULL
2950,esporar,NULL
2951,esporear,NULL
2952,esporrar,NULL
2953,esposar,NULL
2954,espoucar,NULL
2955,espreguiçar,NULL
2956,espremer,NULL
2957,espumar,NULL
2958,esquadrinhar,NULL
2959,esquartejar,NULL
2960,esquentar,NULL
2961,esquiar,NULL
2962,esquilar,NULL
2963,esquivar,NULL
2964,estabilizar,NULL
2965,estacar,NULL
2966,estagiar,NULL
2967,estagnar,NULL
2968,estalquear,NULL
2969,estampar,NULL
2970,estancar,NULL
2971,estandardizar,NULL
2972,estanhar,NULL
2973,estarrecer,NULL
2974,estatizar,NULL
2975,estatuir,NULL
2976,estenografar,NULL
2977,estenographar,NULL
2978,estercar,NULL
2979,esterçar,NULL
2980,esterelizar,NULL
2981,estereotipar,NULL
2982,esterilizar,NULL
2983,esterrar,NULL
2984,estetizar,NULL
2985,estiar,NULL
2986,esticar,NULL
2987,estigmatizar,NULL
2988,estilhaçar,NULL
2989,estilizar,NULL
2990,estiolar,NULL
2991,estipular,NULL
2992,estirar,NULL
2993,estivar,NULL
2994,estocar,NULL
2995,estofar,NULL
2996,estoirar,NULL
2997,estolar,NULL
2998,estontear,NULL
2999,estorcer,NULL
3000,estorvar,NULL
3001,estourar,NULL
3002,estraçalhar,NULL
3003,estralar,NULL
3004,estrangular,NULL
3005,estratificar,NULL
3006,estrebuchar,NULL
3007,estreiar,NULL
3008,estreitar,NULL
3009,estrelar,NULL
3010,estressar,NULL
3011,estridular,NULL
3012,estripar,NULL
3013,estrondear,NULL
3014,estropear,NULL
3015,estrumar,NULL
3016,estrupidar,NULL
3017,estruturar,NULL
3018,estufar,NULL
3019,estupeficar,NULL
3020,estupidificar,NULL
3021,estuprar,NULL
3022,esvair,NULL
3023,esvaziar,NULL
3024,esvoaçar,NULL
3025,etiquetar,NULL
3026,eufemizar,NULL
3027,europeizar,NULL
3028,evacuar,NULL
3029,evadir,NULL
3030,evangelizar,NULL
3031,evaporar,NULL
3032,eventrar,NULL
3033,eviscerar,NULL
3034,evolar,NULL
3035,evolucionar,NULL
3036,evolver,NULL
3037,exacerbar,NULL
3038,exagerar,NULL
3039,exalar,NULL
3040,exaltar,NULL
3041,exasperar,NULL
3042,exaurir,NULL
3043,exceler,NULL
3044,exceller,NULL
3045,excepcionar,NULL
3046,exceptuar,NULL
3047,excetuar,NULL
3048,excitar,NULL
3049,excomungar,NULL
3050,excretar,NULL
3051,excutir,NULL
3052,execrar,NULL
3053,exemplar,NULL
3054,exemplificar,NULL
3055,exercitar,NULL
3056,exhalar,NULL
3057,exhortar,NULL
3058,exilar,NULL
3059,eximir,NULL
3060,exonerar,NULL
3061,exorcizar,NULL
3062,exortar,NULL
3063,expatriar,NULL
3064,expectorar,NULL
3065,expedir,NULL
3066,expelir,NULL
3067,expender,NULL
3068,experienciar,NULL
3069,expiar,NULL
3070,expirar,NULL
3071,explanar,NULL
3072,explicitar,NULL
3073,exprobrar,NULL
3074,expropriar,NULL
3075,expugnar,NULL
3076,expungir,NULL
3077,expurgar,NULL
3078,exsecutar,NULL
3079,exsudar,NULL
3080,extasiar,NULL
3081,extender,NULL
3082,extenuar,NULL
3083,exteriorizar,NULL
3084,exterminar,NULL
3085,externar,NULL
3086,extirpar,NULL
3087,extorquir,NULL
3088,extraditar,NULL
3089,extrapolar,NULL
3090,extratar,NULL
3091,exultar,NULL
3092,exumar,NULL
3093,f*der,NULL
3094,fabular,NULL
3095,fac-similar,NULL
3096,facetar,NULL
3097,facultar,NULL
3098,fadigar,NULL
3099,fagulhar,NULL
3100,faiar,NULL
3101,falcoar,NULL
3102,falir,NULL
3103,fallar,NULL
3104,fallecer,NULL
3105,falquear,NULL
3106,falquejar,NULL
3107,falsear,NULL
3108,falsificar,NULL
3109,familiarizar,NULL
3110,fantasiar,NULL
3111,fardar,NULL
3112,farejar,NULL
3113,farfalhar,NULL
3114,fascinar,NULL
3115,fatiar,NULL
3116,fatigar,NULL
3117,fatorar,NULL
3118,faturar,NULL
3119,faxinar,NULL
3120,"fazer doce",NULL
3121,"fazer falta",NULL
3122,feder,NULL
3123,federalizar,NULL
3124,felicitar,NULL
3125,feltrar,NULL
3126,feminizar,NULL
3127,fenar,NULL
3128,fender,NULL
3129,fermentar,NULL
3130,ferrar,NULL
3131,fertilizar,NULL
3132,fervilhar,NULL
3133,festar,NULL
3134,festejar,NULL
3135,filiar,NULL
3136,filosofar,NULL
3137,filtrar,NULL
3138,finar,NULL
3139,fincar,NULL
3140,finlandizar,NULL
3141,fintar,NULL
3142,fisgar,NULL
3143,fissionar,NULL
3144,fissurar,NULL
3145,flabelar,NULL
3146,"flagelar- scourge",NULL
3147,flagrar,NULL
3148,flamejar,NULL
3149,flanar,NULL
3150,flanquear,NULL
3151,flertar,NULL
3152,flexionar,NULL
3153,floodar,NULL
3154,florear,NULL
3155,florestar,NULL
3156,florir,NULL
3157,fluorar,NULL
3158,fluoretar,NULL
3159,focalizar,NULL
3160,foder,NULL
3161,fofocar,NULL
3162,folegar,NULL
3163,folgar,NULL
3164,folhar,NULL
3165,folhear,NULL
3166,fomentar,NULL
3167,forjar,NULL
3168,formalizar,NULL
3169,formatar,NULL
3170,formigar,NULL
3171,fornear,NULL
3172,fornicar,NULL
3173,forrar,NULL
3174,fortificar,NULL
3175,foscar,NULL
3176,fosfatar,NULL
3177,fosforar,NULL
3178,fosforear,NULL
3179,fosforejar,NULL
3180,fosforescer,NULL
3181,fosforilar,NULL
3182,fossar,NULL
3183,fossilizar,NULL
3184,fotocopiar,NULL
3185,fracassar,NULL
3186,fraccionar,NULL
3187,fracionar,NULL
3188,fracturar,NULL
3189,fragilizar,NULL
3190,fragmentar,NULL
3191,fraguar,NULL
3192,franger,NULL
3193,franjar,NULL
3194,franquear,NULL
3195,franquiar,NULL
3196,franzir,NULL
3197,fraquear,NULL
3198,fraquejar,NULL
3199,frasear,NULL
3200,fraternizar,NULL
3201,fraturar,NULL
3202,fraudar,NULL
3203,frear,NULL
3204,freiar,NULL
3205,freqüentar,NULL
3206,fresar,NULL
3207,fretar,NULL
3208,friccionar,NULL
3209,fritar,NULL
3210,frontear,NULL
3211,fruir,NULL
3212,frustrar,NULL
3213,frutear,NULL
3214,frutificar,NULL
3215,fuçar,NULL
3216,fulgurar,NULL
3217,fulminar,NULL
3218,fumegar,NULL
3219,fumigar,NULL
3220,funar,NULL
3221,funccionar,NULL
3222,funcionalizar,NULL
3223,fundear,NULL
3224,fungar,NULL
3225,furtar,NULL
3226,fusionar,NULL
3227,fustigar,NULL
3228,fuzilar,NULL
3229,gabar,NULL
3230,gadanhar,NULL
3231,gaguejar,NULL
3232,galgar,NULL
3233,galhofar,NULL
3234,galopar,NULL
3235,galvanizar,NULL
3236,gamar,NULL
3237,ganir,NULL
3238,garatujar,NULL
3239,gargalhar,NULL
3240,gargarejar,NULL
3241,garimpar,NULL
3242,gasear,NULL
3243,gaseificar,NULL
3244,gasificar,NULL
3245,"gastar os tubos",NULL
3246,gatinhar,NULL
3247,gatunar,NULL
3248,gazear,NULL
3249,gazetear,NULL
3250,gear,NULL
3251,gelar,NULL
3252,gelatinizar,NULL
3253,gelificar,NULL
3254,gemar,NULL
3255,generalizar,NULL
3256,genotipar,NULL
3257,genuflectir,NULL
3258,genufletir,NULL
3259,geometrizar,NULL
3260,georreferenciar,NULL
3261,gerenciar,NULL
3262,germinar,NULL
3263,gestar,NULL
3264,gesticular,NULL
3265,gestualizar,NULL
3266,ginasticar,NULL
3267,glaciar,NULL
3268,globalizar,NULL
3269,gloriar,NULL
3270,glorificar,NULL
3271,glosar,NULL
3272,golfar,NULL
3273,golpear,NULL
3274,gomar,NULL
3275,gomitar,NULL
3276,googlar,NULL
3277,googlear,NULL
3278,"gorar- addle",NULL
3279,gorgolejar,NULL
3280,gorjear,NULL
3281,gotejar,NULL
3282,gracejar,NULL
3283,gracitar,NULL
3284,gradar,NULL
3285,graduar,NULL
3286,grafar,NULL
3287,grafitar,NULL
3288,grampear,NULL
3289,granizar,NULL
3290,grasnar,NULL
3291,grassitar,NULL
3292,gratificar,NULL
3293,gratinar,NULL
3294,gravitar,NULL
3295,grelhar,NULL
3296,gretar,NULL
3297,gripar,NULL
3298,grosar,NULL
3299,grudar,NULL
3300,grugulejar,NULL
3301,grunhir,NULL
3302,guarnecer,NULL
3303,guerrear,NULL
3304,guinchar,NULL
3305,guindar,NULL
3306,guisar,NULL
3307,habilitar,NULL
3308,hachurar,NULL
3309,hackear,NULL
3310,halogenar,NULL
3311,harmonizar,NULL
3312,hastear,NULL
3313,hegemonizar,NULL
3314,helenizar,NULL
3315,herborizar,NULL
3316,hibernar,NULL
3317,hibridar,NULL
3318,hibridizar,NULL
3319,hidratar,NULL
3320,hidrogenar,NULL
3321,hidrolisar,NULL
3322,hifenizar,NULL
3323,higienizar,NULL
3324,hilarizar,NULL
3325,hipertrofiar,NULL
3326,hipnotizar,NULL
3327,hipotecar,NULL
3328,hispanizar,NULL
3329,historiar,NULL
3330,historizar,NULL
3331,homiziar,NULL
3332,homogeneizar,NULL
3333,homologar,NULL
3334,honestar,NULL
3335,honrar,NULL
3336,horar,NULL
3337,horripilar,NULL
3338,horrorizar,NULL
3339,hortar,NULL
3340,hospedar,NULL
3341,hospitalar,NULL
3342,hospitalizar,NULL
3343,hostilizar,NULL
3344,humanizar,NULL
3345,humectar,NULL
3346,humedecer,NULL
3347,humidecer,NULL
3348,humilhar,NULL
3349,içar,NULL
3350,idealizar,NULL
3351,idear,NULL
3352,ideologizar,NULL
3353,idiotizar,NULL
3354,idolatrar,NULL
3355,igualar,NULL
3356,igualizar,NULL
3357,ilegalizar,NULL
3358,ilhar,NULL
3359,ilibar,NULL
3360,ilidir,NULL
3361,iludir,NULL
3362,imanar,NULL
3363,imantar,NULL
3364,imbricar,NULL
3365,imbuir,NULL
3366,imergir,NULL
3367,imigrar,NULL
3368,imiscuir,NULL
3369,imobilizar,NULL
3370,imolar,NULL
3371,imortalizar,NULL
3372,impacientar,NULL
3373,impactar,NULL
3374,impar,NULL
3375,impelir,NULL
3376,imperar,NULL
3377,impermeabilizar,NULL
3378,impetrar,NULL
3379,impingir,NULL
3380,implorar,NULL
3381,importunar,NULL
3382,impossibilitar,NULL
3383,imprecar,NULL
3384,impregnar,NULL
3385,imprensar,NULL
3386,impugnar,NULL
3387,impulsionar,NULL
3388,imputar,NULL
3389,imunizar,NULL
3390,inactivar,NULL
3391,inadimplir,NULL
3392,inalar,NULL
3393,incapacitar,NULL
3394,inçar,NULL
3395,incender,NULL
3396,incendiar,NULL
3397,inchar,NULL
3398,incinerar,NULL
3399,incisar,NULL
3400,incitar,NULL
3401,incorrer,NULL
3402,incrementar,NULL
3403,incriminar,NULL
3404,incrustar,NULL
3405,incubar,NULL
3406,inculcar,NULL
3407,inculpar,NULL
3408,incumbir,NULL
3409,indeferir,NULL
3410,indemnizar,NULL
3411,indenizar,NULL
3412,independer,NULL
3413,indexar,NULL
3414,indiciar,NULL
3415,indisciplinar,NULL
3416,indisponibilizar,NULL
3417,indultar,NULL
3418,industrializar,NULL
3419,inebriar,NULL
3420,inerir,NULL
3421,inexistir,NULL
3422,infamar,NULL
3423,infectar,NULL
3424,inferir,NULL
3425,infestar,NULL
3426,infetar,NULL
3427,infiltrar,NULL
3428,infirmar,NULL
3429,inflamar,NULL
3430,inflar,NULL
3431,infligir,NULL
3432,influir,NULL
3433,infringir,NULL
3434,ingerir,NULL
3435,inhibir,NULL
3436,inibir,NULL
3437,inicializar,NULL
3438,injectar,NULL
3439,injetar,NULL
3440,injungir,NULL
3441,injuriar,NULL
3442,injustiçar,NULL
3443,inocentar,NULL
3444,inocular,NULL
3445,inovar,NULL
3446,inquietar,NULL
3447,inquinar,NULL
3448,inquirir,NULL
3449,inscrever,NULL
3450,insinar,NULL
3451,insinuar,NULL
3452,inspecionar,NULL
3453,instanciar,NULL
3454,instigar,NULL
3455,instruir,NULL
3456,instrumentar,NULL
3457,insultar,NULL
3458,insurgir,NULL
3459,inteirar,NULL
3460,inteligir,NULL
3461,intentar,NULL
3462,interagir,NULL
3463,intercalar,NULL
3464,intercambiar,NULL
3465,interceder,NULL
3466,interceptar,NULL
3467,intercetar,NULL
3468,interditar,NULL
3469,interligar,NULL
3470,intermediar,NULL
3471,internacionalizar,NULL
3472,interpelar,NULL
3473,interpolar,NULL
3474,interpor,NULL
3475,intersectar,NULL
3476,intersetar,NULL
3477,interver,NULL
3478,intimar,NULL
3479,intimidar,NULL
3480,intitular,NULL
3481,intoxicar,NULL
3482,intrigar,NULL
3483,intrincar,NULL
3484,intrometer,NULL
3485,intuir,NULL
3486,intumescer,NULL
3487,inumar,NULL
3488,inundar,NULL
3489,inutilizar,NULL
3490,invalidar,NULL
3491,invectivar,NULL
3492,invejar,NULL
3493,invernar,NULL
3494,inviabilizar,NULL
3495,iodar,NULL
3496,ionizar,NULL
3497,irmanar,NULL
3498,irradiar,NULL
3499,irrigar,NULL
3500,irromper,NULL
3501,iscar,NULL
3502,isentar,NULL
3503,iterar,NULL
3504,jactar,NULL
3505,janelar,NULL
3506,japonizar,NULL
3507,jardinar,NULL
3508,jarretar,NULL
3509,jejuar,NULL
3510,joeirar,NULL
3511,jornadear,NULL
3512,jorrar,NULL
3513,jubilar,NULL
3514,judaizar,NULL
3515,judiar,NULL
3516,judicializar,NULL
3517,jugular,NULL
3518,juncar,NULL
3519,jungir,NULL
3520,justapor,NULL
3521,justar,NULL
3522,justiçar,NULL
3523,kickar,NULL
3524,labializar,NULL
3525,laborar,NULL
3526,labutar,NULL
3527,lacar,NULL
3528,laçar,NULL
3529,lacrar,NULL
3530,lacrimejar,NULL
3531,lactar,NULL
3532,ladear,NULL
3533,ladrar,NULL
3534,ladrilhar,NULL
3535,lagartear,NULL
3536,laicizar,NULL
3537,lajear,NULL
3538,lamber,NULL
3539,lambiscar,NULL
3540,lambuçar,NULL
3541,lambujar,NULL
3542,lambuzar,NULL
3543,laminar,NULL
3544,lampejar,NULL
3545,lamuriar,NULL
3546,lancear,NULL
3547,lanchar,NULL
3548,lapar,NULL
3549,lapidar,NULL
3550,lascar,NULL
3551,lassar,NULL
3552,lastar,NULL
3553,lastimar,NULL
3554,lastrar,NULL
3555,latar,NULL
3556,latejar,NULL
3557,latinar,NULL
3558,latinizar,NULL
3559,latir,NULL
3560,lavrar,NULL
3561,lazarar,NULL
3562,legalizar,NULL
3563,legar,NULL
3564,legendar,NULL
3565,legiferar,NULL
3566,legislar,NULL
3567,legitimar,NULL
3568,leiloar,NULL
3569,lesar,NULL
3570,lesmar,NULL
3571,levedar,NULL
3572,levitar,NULL
3573,libar,NULL
3574,licitar,NULL
3575,limar,NULL
3576,linchar,NULL
3577,lingotar,NULL
3578,liquefazer,NULL
3579,liquidar,NULL
3580,lisonjar,NULL
3581,lisonjear,NULL
3582,listar,NULL
3583,litigar,NULL
3584,lixar,NULL
3585,lixiviar,NULL
3586,loar,NULL
3587,lobrigar,NULL
3588,locar,NULL
3589,locupletar,NULL
3590,logar,NULL
3591,lograr,NULL
3592,lotar,NULL
3593,lotear,NULL
3594,louvar,NULL
3595,luar,NULL
3596,lubrificar,NULL
3597,lucrar,NULL
3598,luctar,NULL
3599,ludibriar,NULL
3600,lustrar,NULL
3601,luxuriar,NULL
3602,luzir,NULL
3603,macadamizar,NULL
3604,macaquear,NULL
3605,maçar,NULL
3606,macerar,NULL
3607,machucar,NULL
3608,macular,NULL
3609,mãdar,NULL
3610,madrugar,NULL
3611,madurar,NULL
3612,madurecer,NULL
3613,magnetizar,NULL
3614,magnificar,NULL
3615,magoar,NULL
3616,maiuscular,NULL
3617,maiusculizar,NULL
3618,majorar,NULL
3619,malaxar,NULL
3620,malbaratar,NULL
3621,maldizer,NULL
3622,malhar,NULL
3623,malocar,NULL
3624,malograr,NULL
3625,maltar,NULL
3626,maltratar,NULL
3627,mamar,NULL
3628,manar,NULL
3629,mancar,NULL
3630,manchar,NULL
3631,mancomunar,NULL
3632,manejar,NULL
3633,mangar,NULL
3634,mangrar,NULL
3635,maniatar,NULL
3636,manipular,NULL
3637,manir,NULL
3638,manjar,NULL
3639,manobrar,NULL
3640,manquejar,NULL
3641,manufaturar,NULL
3642,manusear,NULL
3643,maquiar,NULL
3644,maquinar,NULL
3645,marear,NULL
3646,marinar,NULL
3647,marmelar,NULL
3648,marmorizar,NULL
3649,marquetear,NULL
3650,marretar,NULL
3651,martelar,NULL
3652,martirizar,NULL
3653,marulhar,NULL
3654,mascar,NULL
3655,mascarar,NULL
3656,mascatear,NULL
3657,massacrar,NULL
3658,massagear,NULL
3659,massificar,NULL
3660,mastigar,NULL
3661,masturbar,NULL
3662,matabichar,NULL
3663,matear,NULL
3664,matricular,NULL
3665,maturar,NULL
3666,matutar,NULL
3667,maximizar,NULL
3668,maxixar,NULL
3669,mealhar,NULL
3670,mear,NULL
3671,mecanizar,NULL
3672,mediar,NULL
3673,medicalizar,NULL
3674,medrar,NULL
3675,melar,NULL
3676,memorizar,NULL
3677,mendigar,NULL
3678,menear,NULL
3679,menosprezar,NULL
3680,menstruar,NULL
3681,mensurar,NULL
3682,mentorear,NULL
3683,mesclar,NULL
3684,mesmerizar,NULL
3685,messar,NULL
3686,mestrar,NULL
3687,metabolizar,NULL
3688,metilar,NULL
3689,metralhar,NULL
3690,metter,NULL
3691,mexericar,NULL
3692,miar,NULL
3693,migrar,NULL
3694,mijar,NULL
3695,milhar,NULL
3696,militar,NULL
3697,mimar,NULL
3698,mimetizar,NULL
3699,mimir,NULL
3700,minar,NULL
3701,mineralizar,NULL
3702,minerar,NULL
3703,minguar,NULL
3704,minimizar,NULL
3705,ministrar,NULL
3706,minorar,NULL
3707,minuciar,NULL
3708,minutar,NULL
3709,mirar,NULL
3710,mirrar,NULL
3711,miscrar,NULL
3712,missar,NULL
3713,mistificar,NULL
3714,mitigar,NULL
3715,mixar,NULL
3716,mixturar,NULL
3717,mobiliar,NULL
3718,modelar,NULL
3719,moderar,NULL
3720,modernizar,NULL
3721,modular,NULL
3722,mofar,NULL
3723,moldar,NULL
3724,molestar,NULL
3725,molhar,NULL
3726,monitorar,NULL
3727,monitorizar,NULL
3728,monologar,NULL
3729,monopolizar,NULL
3730,mordicar,NULL
3731,mordiscar,NULL
3732,morgar,NULL
3733,mortificar,NULL
3734,moscar,NULL
3735,moshar,NULL
3736,mosquear,NULL
3737,motejaar,NULL
3738,mourejar,NULL
3739,mugir,NULL
3740,multar,NULL
3741,mumificar,NULL
3742,municiar,NULL
3743,municipalizar,NULL
3744,munir,NULL
3745,murar,NULL
3746,murchar,NULL
3747,musicar,NULL
3748,mutilar,NULL
3749,nacarar,NULL
3750,nacionalizar,NULL
3751,namoricar,NULL
3752,namoriscar,NULL
3753,nanar,NULL
3754,narcotizar,NULL
3755,nasalar,NULL
3756,nasalizar,NULL
3757,naturalizar,NULL
3758,naufragar,NULL
3759,nausear,NULL
3760,nebulizar,NULL
3761,necrosar,NULL
3762,negativar,NULL
3763,negligenciar,NULL
3764,negritar,NULL
3765,neutralizar,NULL
3766,nevar,NULL
3767,nhanhar,NULL
3768,nicar,NULL
3769,nidificar,NULL
3770,ninar,NULL
3771,niponizar,NULL
3772,niquelar,NULL
3773,nitrificar,NULL
3774,nivelar,NULL
3775,nobilitar,NULL
3776,nocautear,NULL
3777,nodar,NULL
3778,nodular,NULL
3779,noivar,NULL
3780,nominar,NULL
3781,normalizar,NULL
3782,nortear,NULL
3783,notificar,NULL
3784,nublar,NULL
3785,nuclear,NULL
3786,nulificar,NULL
3787,numerar,NULL
3788,numerizar,NULL
3789,nutrir,NULL
3790,ob-rogar,NULL
3791,obcecar,NULL
3792,objectar,NULL
3793,objectivar,NULL
3794,objetar,NULL
3795,objetivar,NULL
3796,objurgar,NULL
3797,obliquar,NULL
3798,obliterar,NULL
3799,obnubilar,NULL
3800,obrar,NULL
3801,obscurecer,NULL
3802,obsedar,NULL
3803,obsequiar,NULL
3804,obstaculizar,NULL
3805,obstar,NULL
3806,obstruir,NULL
3807,obtemperar,NULL
3808,obtestar,NULL
3809,obturar,NULL
3810,obviar,NULL
3811,ocar,NULL
3812,ocasionar,NULL
3813,occorrer,NULL
3814,ocluir,NULL
3815,odorizar,NULL
3816,ofegar,NULL
3817,ofertar,NULL
3818,offerecer,NULL
3819,offrecer,NULL
3820,oficializar,NULL
3821,ofrecer,NULL
3822,ofuscar,NULL
3823,oitavar,NULL
3824,olear,NULL
3825,olvidar,NULL
3826,omitir,NULL
3827,ondear,NULL
3828,ondular,NULL
3829,onerar,NULL
3830,opinar,NULL
3831,opiniar,NULL
3832,oppôr,NULL
3833,opprimir,NULL
3834,oprimir,NULL
3835,orar,NULL
3836,orbitar,NULL
3837,orçamentar,NULL
3838,orçar,NULL
3839,ordenhar,NULL
3840,orgulhar,NULL
3841,orientalizar,NULL
3842,orlar,NULL
3843,ornamentar,NULL
3844,ornar,NULL
3845,ornear,NULL
3846,ornejar,NULL
3847,orquestrar,NULL
3848,ortigar,NULL
3849,orvalhar,NULL
3850,oscular,NULL
3851,ostracizar,NULL
3852,otimizar,NULL
3853,ourar,NULL
3854,outorgar,NULL
3855,ovacionar,NULL
3856,ovular,NULL
3857,oxidar,NULL
3858,oxigenar,NULL
3859,ozonizar,NULL
3860,pacificar,NULL
3861,pactar,NULL
3862,pactuar,NULL
3863,padecer,NULL
3864,padejar,NULL
3865,padronizar,NULL
3866,paganizar,NULL
3867,paginar,NULL
3868,pajear,NULL
3869,palear,NULL
3870,palestrar,NULL
3871,paliar,NULL
3872,palpar,NULL
3873,palpitar,NULL
3874,palrar,NULL
3875,panar,NULL
3876,panfletar,NULL
3877,papaguear,NULL
3878,papar,NULL
3879,paparicar,NULL
3880,papear,NULL
3881,paquerar,NULL
3882,parabenizar,NULL
3883,parafrasear,NULL
3884,parafusar,NULL
3885,paralizar,NULL
3886,parametrizar,NULL
3887,parasitar,NULL
3888,parcelar,NULL
3889,parodiar,NULL
3890,pasmar,NULL
3891,passarinhar,NULL
3892,pastar,NULL
3893,pasteurizar,NULL
3894,pastorar,NULL
3895,pastorear,NULL
3896,patear,NULL
3897,patentear,NULL
3898,patinar,NULL
3899,patrocinar,NULL
3900,patrulhar,NULL
3901,pausar,NULL
3902,pautar,NULL
3903,pavimentar,NULL
3904,pavonear,NULL
3905,pecar,NULL
3906,pechinchar,NULL
3907,pedalar,NULL
3908,peidar,NULL
3909,peitar,NULL
3910,pelar,NULL
3911,pelear,NULL
3912,peleijar,NULL
3913,pelejar,NULL
3914,penalizar,NULL
3915,penar,NULL
3916,pendurar,NULL
3917,peneirar,NULL
3918,penhorar,NULL
3919,pensionar,NULL
3920,pentear,NULL
3921,perambular,NULL
3922,perdurar,NULL
3923,perecer,NULL
3924,peregrinar,NULL
3925,perfazer,NULL
3926,perfilar,NULL
3927,perfilhar,NULL
3928,perfolhear,NULL
3929,performar,NULL
3930,perfumar,NULL
3931,perfurar,NULL
3932,perigar,NULL
3933,perjurar,NULL
3934,perlar,NULL
3935,permear,NULL
3936,permutar,NULL
3937,pernoitar,NULL
3938,pernoutar,NULL
3939,perorar,NULL
3940,perpassar,NULL
3941,perpetrar,NULL
3942,perpetuar,NULL
3943,perquirir,NULL
3944,perscrutar,NULL
3945,perseverar,NULL
3946,persignar,NULL
3947,personalizar,NULL
3948,personificar,NULL
3949,perspectivar,NULL
3950,perspetivar,NULL
3951,persuadir,NULL
3952,perverter,NULL
3953,pestanejar,NULL
3954,petiscar,NULL
3955,petrificar,NULL
3956,photographar,NULL
3957,piar,NULL
3958,pichar,NULL
3959,picotar,NULL
3960,pifar,NULL
3961,pigarrear,NULL
3962,pigmentar,NULL
3963,pilar,NULL
3964,pilhar,NULL
3965,pilotar,NULL
3966,pinar,NULL
3967,pincelar,NULL
3968,pindurar,NULL
3969,pingar,NULL
3970,pinicar,NULL
3971,pintalgar,NULL
3972,piorar,NULL
3973,pipetar,NULL
3974,pipilar,NULL
3975,pirar,NULL
3976,piratear,NULL
3977,piscar,NULL
3978,pisotear,NULL
3979,plagiar,NULL
3980,plainar,NULL
3981,planar,NULL
3982,planear,NULL
3983,planger,NULL
3984,planificar,NULL
3985,plasmar,NULL
3986,platinar,NULL
3987,pleitear,NULL
3988,plugar,NULL
3989,pluralizar,NULL
3990,pocar,NULL
3991,podar,NULL
3992,poetizar,NULL
3993,pojar,NULL
3994,polarizar,NULL
3995,polimerizar,NULL
3996,polinizar,NULL
3997,polir,NULL
3998,politizar,NULL
3999,poltronear,NULL
4000,poluir,NULL
4001,polvilhar,NULL
4002,ponhar,NULL
4003,pontear,NULL
4004,pontuar,NULL
4005,popularizar,NULL
4006,porfiar,NULL
4007,pormenorizar,NULL
4008,portar,NULL
4009,posar,NULL
4010,posicionar,NULL
4011,pospor,NULL
4012,postar,NULL
4013,postergar,NULL
4014,postular,NULL
4015,potencializar,NULL
4016,potenciar,NULL
4017,povoar,NULL
4018,practicar,NULL
4019,praguejar,NULL
4020,prantear,NULL
4021,pratear,NULL
4022,pré-comprar,NULL
4023,pré-datar,NULL
4024,preambular,NULL
4025,precaver,NULL
4026,preceituar,NULL
4027,precificar,NULL
4028,predar,NULL
4029,predicar,NULL
4030,predizer,NULL
4031,prefabricar,NULL
4032,prefaciar,NULL
4033,prefigurar,NULL
4034,prelibar,NULL
4035,premeditar,NULL
4036,premer,NULL
4037,premiar,NULL
4038,"prender a respiração",NULL
4039,prensar,NULL
4040,prenunciar,NULL
4041,preponderar,NULL
4042,prescindir,NULL
4043,prescrever,NULL
4044,presenciar,NULL
4045,presentear,NULL
4046,pressagiar,NULL
4047,pressurizar,NULL
4048,presumir,NULL
4049,presupor,NULL
4050,pretejar,NULL
4051,preterir,NULL
4052,prevaricar,NULL
4053,prezar,NULL
4054,printar,NULL
4055,priorizar,NULL
4056,privar,NULL
4057,privatizar,NULL
4058,privilegiar,NULL
4059,problematizar,NULL
4060,procrastinar,NULL
4061,procriar,NULL
4062,profanar,NULL
4063,professar,NULL
4064,profetizar,NULL
4065,prognosticar,NULL
4066,programar,NULL
4067,progredir,NULL
4068,prohibir,NULL
4069,projetar,NULL
4070,prolatar,NULL
4071,proliferar,NULL
4072,promulgar,NULL
4073,propagar,NULL
4074,propalar,NULL
4075,propelir,NULL
4076,propiciar,NULL
4077,propugnar,NULL
4078,propulsar,NULL
4079,prorrogar,NULL
4080,proscrever,NULL
4081,prosear,NULL
4082,proselitar,NULL
4083,proselitizar,NULL
4084,prospectar,NULL
4085,prosperar,NULL
4086,prostituir,NULL
4087,prostrar,NULL
4088,protagonizar,NULL
4089,protelar,NULL
4090,protrair,NULL
4091,protuberar,NULL
4092,prover,NULL
4093,providenciar,NULL
4094,provisionar,NULL
4095,pruir,NULL
4096,prurir,NULL
4097,psicografar,NULL
4098,publicitar,NULL
4099,pugnar,NULL
4100,puir,NULL
4101,pulsar,NULL
4102,pulular,NULL
4103,pulverizar,NULL
4104,punguear,NULL
4105,purgar,NULL
4106,purificar,NULL
4107,putrefazer,NULL
4108,quadrar,NULL
4109,quadricular,NULL
4110,quadruplicar,NULL
4111,qualificar,NULL
4112,quantificar,NULL
4113,quarentenar,NULL
4114,quebrantar,NULL
4115,"quebrar a cara",NULL
4116,quedar,NULL
4117,quelatar,NULL
4118,querelar,NULL
4119,querenar,NULL
4120,"querer dizer",NULL
4121,quicar,NULL
4122,quintar,NULL
4123,quintuplicar,NULL
4124,quitar,NULL
4125,quotizar,NULL
4126,rabear,NULL
4127,rabiscar,NULL
4128,rachar,NULL
4129,raciocinar,NULL
4130,racionalizar,NULL
4131,radiodifundir,NULL
4132,raiar,NULL
4133,rajar,NULL
4134,ralar,NULL
4135,ralhar,NULL
4136,ramar,NULL
4137,ramificar,NULL
4138,randomizar,NULL
4139,rangar,NULL
4140,ranquear,NULL
4141,rapar,NULL
4142,rapelar,NULL
4143,raptar,NULL
4144,rarefazer,NULL
4145,rascar,NULL
4146,rascunhar,NULL
4147,rasourar,NULL
4148,raspar,NULL
4149,rastejar,NULL
4150,rastelar,NULL
4151,rastrear,NULL
4152,rastrejar,NULL
4153,ratar,NULL
4154,ratear,NULL
4155,ratificar,NULL
4156,reabilitar,NULL
4157,reacender,NULL
4158,readicionar,NULL
4159,reagrupar,NULL
4160,realojar,NULL
4161,reanalisar,NULL
4162,reanimar,NULL
4163,reaproveitar,NULL
4164,reaquecer,NULL
4165,rearranjar,NULL
4166,rearrumar,NULL
4167,reassegurar,NULL
4168,reassistir,NULL
4169,reatar,NULL
4170,reaver,NULL
4171,reavivar,NULL
4172,rebaixar,NULL
4173,rebatizar,NULL
4174,rebelar,NULL
4175,rebobinar,NULL
4176,rebocar,NULL
4177,rebolar,NULL
4178,rebrilhar,NULL
4179,rebuscar,NULL
4180,recair,NULL
4181,recalcitrar,NULL
4182,recalcular,NULL
4183,recapitular,NULL
4184,recarregar,NULL
4185,receitar,NULL
4186,recepcionar,NULL
4187,receptar,NULL
4188,rechaçar,NULL
4189,rechear,NULL
4190,reciclar,NULL
4191,reciprocar,NULL
4192,recitar,NULL
4193,recobrir,NULL
4194,recolocar,NULL
4195,recompensar,NULL
4196,reconciliar,NULL
4197,reconfirmar,NULL
4198,reconfortar,NULL
4199,reconquistar,NULL
4200,reconsiderar,NULL
4201,reconstituir,NULL
4202,reconstruir,NULL
4203,recontar,NULL
4204,reconvir,NULL
4205,reconvocar,NULL
4206,recopiar,NULL
4207,recortar,NULL
4208,recozer,NULL
4209,recrear,NULL
4210,recriar,NULL
4211,recriminar,NULL
4212,recristalizar,NULL
4213,recrudescer,NULL
4214,recrutar,NULL
4215,rectificar,NULL
4216,recurvar,NULL
4217,redarguir,NULL
4218,redatar,NULL
4219,redefinir,NULL
4220,redescobrir,NULL
4221,redigir,NULL
4222,redigitar,NULL
4223,redimir,NULL
4224,redireccionar,NULL
4225,redirecionar,NULL
4226,redobrar,NULL
4227,reeditar,NULL
4228,reembolsar,NULL
4229,reencher,NULL
4230,reencontrar,NULL
4231,reenrolar,NULL
4232,reenviar,NULL
4233,reescrever,NULL
4234,reestruturar,NULL
4235,refazer,NULL
4236,referenciar,NULL
4237,refestelar,NULL
4238,refinar,NULL
4239,refletir,NULL
4240,reflorestar,NULL
4241,refluir,NULL
4242,refogar,NULL
4243,reformular,NULL
4244,refratar,NULL
4245,refrear,NULL
4246,refrescar,NULL
4247,refrigerar,NULL
4248,refutar,NULL
4249,regalar,NULL
4250,regar,NULL
4251,regatar,NULL
4252,regatear,NULL
4253,regenerar,NULL
4254,regozijar,NULL
4255,regrar,NULL
4256,regulamentar,NULL
4257,regularizar,NULL
4258,regurgitar,NULL
4259,reificar,NULL
4260,reimprimir,NULL
4261,reincidir,NULL
4262,reiniciar,NULL
4263,reinstalar,NULL
4264,reinventar,NULL
4265,reiterar,NULL
4266,rejeytar,NULL
4267,rejogar,NULL
4268,rejubilar,NULL
4269,rejuntar,NULL
4270,rejuvenescer,NULL
4271,relampaguear,NULL
4272,relampejar,NULL
4273,relancear,NULL
4274,relaxar,NULL
4275,relegar,NULL
4276,reler,NULL
4277,relinchar,NULL
4278,relutar,NULL
4279,reluzir,NULL
4280,relvar,NULL
4281,remanescer,NULL
4282,remar,NULL
4283,remasterizar,NULL
4284,remediar,NULL
4285,remendar,NULL
4286,remexer,NULL
4287,remir,NULL
4288,remitir,NULL
4289,remoçar,NULL
4290,remodelar,NULL
4291,remoer,NULL
4292,remontar,NULL
4293,remunerar,NULL
4294,renascer,NULL
4295,rendar,NULL
4296,renderizar,NULL
4297,renegar,NULL
4298,renomear,NULL
4299,reocorrer,NULL
4300,reordenar,NULL
4301,reorganizar,NULL
4302,reoxidar,NULL
4303,repaginar,NULL
4304,repartir,NULL
4305,repassar,NULL
4306,repelir,NULL
4307,repensar,NULL
4308,repercutir,NULL
4309,repisar,NULL
4310,replantar,NULL
4311,repolir,NULL
4312,reportar,NULL
4313,repostar,NULL
4314,repreender,NULL
4315,represar,NULL
4316,reprimendar,NULL
4317,reprisar,NULL
4318,repristinar,NULL
4319,reprocessar,NULL
4320,reprochar,NULL
4321,reprovar,NULL
4322,repugnar,NULL
4323,reputar,NULL
4324,requentar,NULL
4325,requestar,NULL
4326,requintar,NULL
4327,requisitar,NULL
4328,rescaldar,NULL
4329,rescindir,NULL
4330,resenhar,NULL
4331,resfolegar,NULL
4332,resfriar,NULL
4333,resguardar,NULL
4334,resignar,NULL
4335,resmonear,NULL
4336,respigar,NULL
4337,respingar,NULL
4338,resplandecer,NULL
4339,resplandescer,NULL
4340,resplendecer,NULL
4341,ressalvar,NULL
4342,ressecar,NULL
4343,ressentir,NULL
4344,ressoar,NULL
4345,ressonar,NULL
4346,ressumar,NULL
4347,ressurgir,NULL
4348,ressuscitar,NULL
4349,restituir,NULL
4350,restolhar,NULL
4351,resvalar,NULL
4352,retalhar,NULL
4353,retaliar,NULL
4354,retarctar,NULL
4355,retardar,NULL
4356,retesar,NULL
4357,retificar,NULL
4358,retinir,NULL
4359,retocar,NULL
4360,retorquir,NULL
4361,retouçar,NULL
4362,retrair,NULL
4363,retribuir,NULL
4364,retroceder,NULL
4365,retrucar,NULL
4366,reusar,NULL
4367,reutilizar,NULL
4368,revalidar,NULL
4369,revalorizar,NULL
4370,reverberar,NULL
4371,reverdecer,NULL
4372,reverenciar,NULL
4373,reverter,NULL
4374,revigorar,NULL
4375,revisar,NULL
4376,revistar,NULL
4377,revitalizar,NULL
4378,revogar,NULL
4379,revoltar,NULL
4380,revolucionar,NULL
4381,revolver,NULL
4382,rezingar,NULL
4383,ribombar,NULL
4384,riçar,NULL
4385,ricochetear,NULL
4386,ridicularizar,NULL
4387,rifar,NULL
4388,rilhar,NULL
4389,rimar,NULL
4390,ripar,NULL
4391,riscar,NULL
4392,rivalizar,NULL
4393,roçagar,NULL
4394,rocar,NULL
4395,rogar,NULL
4396,rojar,NULL
4397,rolhar,NULL
4398,romanizar,NULL
4399,romantizar,NULL
4400,roncar,NULL
4401,ronronar,NULL
4402,rosar,NULL
4403,rosnar,NULL
4404,rotacionar,NULL
4405,rotar,NULL
4406,rotear,NULL
4407,rotular,NULL
4408,"roubar- steal",NULL
4409,rubificar,NULL
4410,ruborizar,NULL
4411,rubricar,NULL
4412,rufar,NULL
4413,rufiar,NULL
4414,ruflar,NULL
4415,rugir,NULL
4416,ruir,NULL
4417,rumar,NULL
4418,rumiar,NULL
4419,ruminar,NULL
4420,rumorejar,NULL
4421,russificar,NULL
4422,saborear,NULL
4423,sabotar,NULL
4424,sacanear,NULL
4425,sacar,NULL
4426,sachar,NULL
4427,saciar,NULL
4428,sacolear,NULL
4429,sacralizar,NULL
4430,sacrificar,NULL
4431,safar,NULL
4432,sagrar,NULL
4433,salgar,NULL
4434,salivar,NULL
4435,salmourar,NULL
4436,salpicar,NULL
4437,saltear,NULL
4438,saltitar,NULL
4439,saluçar,NULL
4440,salvaguardar,NULL
4441,sanar,NULL
4442,sancionar,NULL
4443,sanear,NULL
4444,sangrar,NULL
4445,santificar,NULL
4446,sapear,NULL
4447,saponificar,NULL
4448,saquear,NULL
4449,saracotear,NULL
4450,sarar,NULL
4451,satanizar,NULL
4452,satirizar,NULL
4453,saturar,NULL
4454,scintilar,NULL
4455,secretar,NULL
4456,secularizar,NULL
4457,secundar,NULL
4458,sedar,NULL
4459,sediar,NULL
4460,sedimentar,NULL
4461,seduzir,NULL
4462,segar,NULL
4463,segmentar,NULL
4464,segredar,NULL
4465,segregar,NULL
4466,selar,NULL
4467,selecionar,NULL
4468,selectar,NULL
4469,seletar,NULL
4470,semelhar,NULL
4471,semicerrar,NULL
4472,sensualizar,NULL
4473,sentenciar,NULL
4474,sepultar,NULL
4475,seqüestrar,NULL
4476,serializar,NULL
4477,seriar,NULL
4478,seringar,NULL
4479,serpentear,NULL
4480,serrar,NULL
4481,sestear,NULL
4482,sevar,NULL
4483,sexar,NULL
4484,sexualizar,NULL
4485,siar,NULL
4486,sibilar,NULL
4487,sichar,NULL
4488,siderar,NULL
4489,silenciar,NULL
4490,silvar,NULL
4491,simbolizar,NULL
4492,similar,NULL
4493,simpatizar,NULL
4494,simplificar,NULL
4495,simular,NULL
4496,sinalizar,NULL
4497,sincopar,NULL
4498,sincretizar,NULL
4499,sincronizar,NULL
4500,sindicalizar,NULL
4501,sindicar,NULL
4502,singrar,NULL
4503,singularizar,NULL
4504,sinterizar,NULL
4505,sintetizar,NULL
4506,sintonizar,NULL
4507,sisar,NULL
4508,sistematizar,NULL
4509,sitiar,NULL
4510,sobejar,NULL
4511,sobraçar,NULL
4512,sobre-estimar,NULL
4513,sobreaquecer,NULL
4514,sobrecarregar,NULL
4515,sobrelevar,NULL
4516,sobrepassar,NULL
4517,sobrepor,NULL
4518,sobrepujar,NULL
4519,sobresair,NULL
4520,sobrescrever,NULL
4521,sobressair,NULL
4522,sobressaltar,NULL
4523,sobrestar,NULL
4524,sobrestimar,NULL
4525,sobretaxar,NULL
4526,sobrevir,NULL
4527,socar,NULL
4528,socceder,NULL
4529,soceder,NULL
4530,sociabilizar,NULL
4531,socializar,NULL
4532,soçobrar,NULL
4533,socorrer,NULL
4534,sodomizar,NULL
4535,soer,NULL
4536,soficar,NULL
4537,sofismar,NULL
4538,sofisticar,NULL
4539,sofrear,NULL
4540,solapar,NULL
4541,solar,NULL
4542,soldar,NULL
4543,soletrar,NULL
4544,solfejar,NULL
4545,solidarizar,NULL
4546,solidificar,NULL
4547,soliloquiar,NULL
4548,solubilizar,NULL
4549,solucionar,NULL
4550,solvatar,NULL
4551,solvatizar,NULL
4552,sombrear,NULL
4553,sonambular,NULL
4554,sondar,NULL
4555,sortear,NULL
4556,sorver,NULL
4557,sospeitar,NULL
4558,sospeytar,NULL
4559,sossegar,NULL
4560,soterrar,NULL
4561,soto-pôr,NULL
4562,soutar,NULL
4563,sovar,NULL
4564,stalkear,NULL
4565,standardizar,NULL
4566,suavizar,NULL
4567,subentender,NULL
4568,subestimar,NULL
4569,subjetivar,NULL
4570,subjugar,NULL
4571,sublimar,NULL
4572,submergir,NULL
4573,subordinar,NULL
4574,subornar,NULL
4575,subscrever,NULL
4576,subsidiar,NULL
4577,subsistir,NULL
4578,substabelecer,NULL
4579,substanciar,NULL
4580,subsumir,NULL
4581,subtrair,NULL
4582,subvencionar,NULL
4583,subverter,NULL
4584,succeder,NULL
4585,sucumbir,NULL
4586,sufixar,NULL
4587,sugar,NULL
4588,suicidar,NULL
4589,sujar,NULL
4590,sulcar,NULL
4591,sumariar,NULL
4592,sumular,NULL
4593,superestimar,NULL
4594,superfaturar,NULL
4595,superlotar,NULL
4596,supervisar,NULL
4597,supervisionar,NULL
4598,suplantar,NULL
4599,suplementar,NULL
4600,suplicar,NULL
4601,supplantar,NULL
4602,supprimir,NULL
4603,suprimir,NULL
4604,suprir,NULL
4605,supurar,NULL
4606,surdir,NULL
4607,surfar,NULL
4608,surrar,NULL
4609,surripiar,NULL
4610,surrupiar,NULL
4611,surtar,NULL
4612,surtir,NULL
4613,suspeytar,NULL
4614,sussurrar,NULL
4615,sustar,NULL
4616,suster,NULL
4617,systematizar,NULL
4618,tabelar,NULL
4619,tabular,NULL
4620,tacar,NULL
4621,tachar,NULL
4622,tachear,NULL
4623,tactear,NULL
4624,tagarelar,NULL
4625,taixar,NULL
4626,talhar,NULL
4627,tamborilar,NULL
4628,tampar,NULL
4629,tamponar,NULL
4630,tangar,NULL
4631,tangenciar,NULL
4632,tanger,NULL
4633,tantalizar,NULL
4634,tapear,NULL
4635,tapeçar,NULL
4636,tapetar,NULL
4637,taquigrafar,NULL
4638,tarar,NULL
4639,tarraxar,NULL
4640,tartamudear,NULL
4641,tascar,NULL
4642,tatear,NULL
4643,tatuar,NULL
4644,taxar,NULL
4645,taxiar,NULL
4646,tchover,NULL
4647,teatralizar,NULL
4648,teclar,NULL
4649,telar,NULL
4650,telecomandar,NULL
4651,telegrafar,NULL
4652,teleportar,NULL
4653,teletransportar,NULL
4654,televisar,NULL
4655,televisionar,NULL
4656,telhar,NULL
4657,telintar,NULL
4658,temperar,NULL
4659,temporalizar,NULL
4660,temporizar,NULL
4661,tencionar,NULL
4662,tensionar,NULL
4663,teologizar,NULL
4664,teorizar,NULL
4665,"ter a ver",NULL
4666,terceirizar,NULL
4667,tergiversar,NULL
4668,terraplenar,NULL
4669,terrificar,NULL
4670,terrorizar,NULL
4671,tesar,NULL
4672,tesourar,NULL
4673,testemunhar,NULL
4674,testificar,NULL
4675,textualizar,NULL
4676,tibar,NULL
4677,ticar,NULL
4678,tilar,NULL
4679,tilintar,NULL
4680,timbrar,NULL
4681,tingir,NULL
4682,tinir,NULL
4683,tintar,NULL
4684,tintinar,NULL
4685,tipar,NULL
4686,tipificar,NULL
4687,tiquetaquear,NULL
4688,tiranizar,NULL
4689,tiritar,NULL
4690,tirotear,NULL
4691,titilar,NULL
4692,titubear,NULL
4693,titular,NULL
4694,toar,NULL
4695,tocaiar,NULL
4696,toldar,NULL
4697,tolerar,NULL
4698,tolher,NULL
4699,"tomar conta de",NULL
4700,tonalizar,NULL
4701,tonificar,NULL
4702,tonsurar,NULL
4703,tontear,NULL
4704,topar,NULL
4705,torgar,NULL
4706,tormentar,NULL
4707,tornear,NULL
4708,torpedear,NULL
4709,torrar,NULL
4710,tosar,NULL
4711,tosquiar,NULL
4712,tossir,NULL
4713,tostar,NULL
4714,toxicar,NULL
4715,tractar,NULL
4716,trafegar,NULL
4717,traficar,NULL
4718,tragar,NULL
4719,trajar,NULL
4720,tramar,NULL
4721,trancafiar,NULL
4722,trancar,NULL
4723,trançar,NULL
4724,tranqüilizar,NULL
4725,tranquilizar,NULL
4726,transar,NULL
4727,transbordar,NULL
4728,transcender,NULL
4729,transcorrer,NULL
4730,transcrever,NULL
4731,transfigurar,NULL
4732,transfixar,NULL
4733,transgredir,NULL
4734,transigir,NULL
4735,transitar,NULL
4736,transladar,NULL
4737,translinear,NULL
4738,transliterar,NULL
4739,transmudar,NULL
4740,transmutar,NULL
4741,transparecer,NULL
4742,transpassar,NULL
4743,transpirar,NULL
4744,transplantar,NULL
4745,transpor,NULL
4746,transtornar,NULL
4747,transubstanciar,NULL
4748,transvasar,NULL
4749,trapacear,NULL
4750,trasladar,NULL
4751,traspassar,NULL
4752,trautear,NULL
4753,trefilar,NULL
4754,trejeitar,NULL
4755,tremeluzir,NULL
4756,tremular,NULL
4757,trepar,NULL
4758,tresandar,NULL
4759,tresler,NULL
4760,tresvariar,NULL
4761,tretar,NULL
4762,triangular,NULL
4763,tributar,NULL
4764,tricotar,NULL
4765,trinar,NULL
4766,trincar,NULL
4767,trinchar,NULL
4768,tripar,NULL
4769,triplicar,NULL
4770,tripudiar,NULL
4771,tripular,NULL
4772,triscar,NULL
4773,trissecar,NULL
4774,triturar,NULL
4775,triunfar,NULL
4776,troar,NULL
4777,troçar,NULL
4778,trollar,NULL
4779,trombetear,NULL
4780,tropear,NULL
4781,tropeçar,NULL
4782,trotar,NULL
4783,trovejar,NULL
4784,trovoar,NULL
4785,trucidar,NULL
4786,truncar,NULL
4787,tuitar,NULL
4788,tumefazer,NULL
4789,tumultuar,NULL
4790,tunar,NULL
4791,tungar,NULL
4792,turbar,NULL
4793,turvar,NULL
4794,tutar,NULL
4795,tutear,NULL
4796,tutelar,NULL
4797,tutorar,NULL
4798,twittar,NULL
4799,uivar,NULL
4800,ulcerar,NULL
4801,ultimar,NULL
4802,ultrajar,NULL
4803,ulular,NULL
4804,umectar,NULL
4805,umidificar,NULL
4806,unar,NULL
4807,unctar,NULL
4808,ungir,NULL
4809,unhar,NULL
4810,unificar,NULL
4811,uniformizar,NULL
4812,universalizar,NULL
4813,untar,NULL
4814,upar,NULL
4815,urbanizar,NULL
4816,urdir,NULL
4817,urgir,NULL
4818,urinar,NULL
4819,urrar,NULL
4820,urticar,NULL
4821,urtigar,NULL
4822,usinar,NULL
4823,usmar,NULL
4824,usufruir,NULL
4825,usurpar,NULL
4826,utar,NULL
4827,uvar,NULL
4828,vacar,NULL
4829,vacilar,NULL
4830,vacinar,NULL
4831,vadear,NULL
4832,vadiar,NULL
4833,vagabundear,NULL
4834,vagir,NULL
4835,vaguear,NULL
4836,vaiar,NULL
4837,validar,NULL
4838,valorar,NULL
4839,valsar,NULL
4840,vandalizar,NULL
4841,vangloriar,NULL
4842,vaporizar,NULL
4843,varar,NULL
4844,varear,NULL
4845,variegar,NULL
4846,vasculhar,NULL
4847,vastar,NULL
4848,vaticinar,NULL
4849,vazar,NULL
4850,vaziar,NULL
4851,vedar,NULL
4852,vegetar,NULL
4853,veicular,NULL
4854,velejar,NULL
4855,vellejar,NULL
4856,vendar,NULL
4857,venerar,NULL
4858,ventilar,NULL
4859,veranear,NULL
4860,verbalizar,NULL
4861,verdejar,NULL
4862,verear,NULL
4863,vergar,NULL
4864,vergastar,NULL
4865,vermelhar,NULL
4866,vermelhear,NULL
4867,vermelhejar,NULL
4868,versar,NULL
4869,versejar,NULL
4870,versificar,NULL
4871,verter,NULL
4872,vesguear,NULL
4873,vetar,NULL
4874,vexar,NULL
4875,viar,NULL
4876,vicejar,NULL
4877,viciar,NULL
4878,vidrar,NULL
4879,vigar,NULL
4880,vigorar,NULL
4881,vilificar,NULL
4882,vilipendiar,NULL
4883,vincar,NULL
4884,vincular,NULL
4885,vindicar,NULL
4886,vindimar,NULL
4887,vinificar,NULL
4888,violentar,NULL
4889,vislumbrar,NULL
4890,vistoriar,NULL
4891,visualizar,NULL
4892,vitimar,NULL
4893,vitimizar,NULL
4894,vitoriar,NULL
4895,vitrificar,NULL
4896,vituperar,NULL
4897,vivar,NULL
4898,vivenciar,NULL
4899,vocalizar,NULL
4900,vociferar,NULL
4901,vogar,NULL
4902,volatilizar,NULL
4903,voltear,NULL
4904,volver,NULL
4905,vomitar,NULL
4906,vosear,NULL
4907,vulcanizar,NULL
4908,vulgarizar,NULL
4909,vulnerar,NULL
4910,wikificar,NULL
4911,xadrezar,NULL
4912,xeretar,NULL
4913,xerocar,NULL
4914,xingar,NULL
4915,xonar,NULL
4916,zangar,NULL
4917,zanzar,NULL
4918,zapear,NULL
4919,zarpar,NULL
4920,zavar,NULL
4921,zelar,NULL
4922,zerar,NULL
4923,zicar,NULL
4924,ziguezaguear,NULL
4925,zincar,NULL
4926,zipar,NULL
4927,zoar,NULL
4928,zoiar,NULL
4929,zombar,NULL
4930,zonar,NULL
4931,zumbificar,NULL
4932,zumbir,NULL
4933,zunir,NULL
4934,zurrar,NULL
